camera_type	scientificName	cameraheight	major_axis_mod	minor_axis	profile	profile_se	contact_species	sum_effortday_all	species_traprate	effort_cameraheight	effort_cameraheight_cameratype	contact_species_cameraheight	contact_species_camereaheight_cameratype	hmean_speed	hmean_speed_se	groupsize_speed	activity_level	al_se	groupsize_al	profile_km	profile_se_km	hspeed_kmd	hspeed_se_kmd	group_size	group_size_se
Browning	Rhinoceros unicornis	4.5	1.479880442	0.544533922	2.133980236	0.536475135	232	32144	0.007217521	320	271	2	2	0.235005299	0.031100322	228	0.32306239	0.008749996	2966	0.00213398	5.36E-04	20.30445779	2.68706785	1.15	0.02
Browning	Panthera tigris	4.5	1.18930856	0.437615659	1.714977027	0.523754972	436	32144	0.013563962	320	271	4	4	0.391365283	0.08185127	188	0.6335	0.02745258	2926	0.001714977	5.24E-04	33.81396049	7.071949768	1.03	0.01
Browning	Panthera tigris	7.5	1.932560381	0.711101149	2.786742457	0.527235399	436	32144	0.013563962	5595	3904	67	44	0.391365283	0.08185127	188	0.6335	0.02745258	2926	0.002786742	5.27E-04	33.81396049	7.071949768	1.03	0.01
Browning	Axis porcinus	7.5	1.858087881	0.683698393	2.679353482	0.490104775	246	32144	0.007653061	5595	3904	85	78	0.092323681	0.010836314	193	0.5685436	0.01427842	2643	0.002679353	4.90E-04	7.976766064	0.936257514	1.11	0.03
Browning	Sus scrofa	8.1	2.094748741	0.770779662	3.020617265	0.534015124	630	32144	0.019599303	1780	1125	50	49	0.173376753	0.022623663	171	0.48009288	0.01292758	5447	0.003020617	5.34E-04	14.97975146	1.954684445	1.67	0.07
Browning	Rhinoceros unicornis	7.35	2.347054809	0.863617711	3.38444136	0.501891866	232	32144	0.007217521	2187	1738	101	101	0.235005299	0.031100322	228	0.32306239	0.008749996	2966	0.003384441	5.02E-04	20.30445779	2.68706785	1.15	0.02
Browning	Panthera tigris	7.35	1.886214789	0.694047916	2.719912343	0.536946405	436	32144	0.013563962	2187	1738	31	17	0.391365283	0.08185127	188	0.6335	0.02745258	2926	0.002719912	5.37E-04	33.81396049	7.071949768	1.03	0.01
Browning	Hystrix indica	7.35	1.79455541	0.660321109	2.587739975	0.531559178	117	32144	0.003639871	2187	1738	20	20	0.307255555	0.064327724	104	0.24988632	0.01686318	624	0.00258774	5.32E-04	26.54687991	5.55791535	1.25	0.04
Browning	Elephas maximus	7.35	2.754196614	1.013428815	3.971537817	0.514248666	233	32144	0.007248631	2187	1738	43	41	0.309954549	0.039236546	135	0.330787652	0.004914778	6492	0.003971538	5.14E-04	26.78007308	3.390037568	1.49	0.11
Browning	Axis porcinus	7.35	1.813528247	0.667302317	2.615098711	0.490507583	246	32144	0.007653061	2187	1738	50	44	0.092323681	0.010836314	193	0.5685436	0.01427842	2643	0.002615099	4.91E-04	7.976766064	0.936257514	1.11	0.03
Browning	Rhinoceros unicornis	7.1	2.253997107	0.82937638	3.250252616	0.500724663	232	32144	0.007217521	4077	1829	46	34	0.235005299	0.031100322	228	0.32306239	0.008749996	2966	0.003250253	5.01E-04	20.30445779	2.68706785	1.15	0.02
Browning	Hystrix indica	7.1	1.723403598	0.634140227	2.485139415	0.528932529	117	32144	0.003639871	4077	1829	13	7	0.307255555	0.064327724	104	0.24988632	0.01686318	624	0.002485139	5.29E-04	26.54687991	5.55791535	1.25	0.04
Browning	Panthera tigris	7.1	1.8114288	0.666529809	2.612071319	0.532492289	436	32144	0.013563962	4077	1829	58	38	0.391365283	0.08185127	188	0.6335	0.02745258	2926	0.002612071	5.32E-04	33.81396049	7.071949768	1.03	0.01
Browning	Sus scrofa	7.1	1.781773227	0.655617802	2.569308131	0.523801925	630	32144	0.019599303	4077	1829	31	16	0.173376753	0.022623663	171	0.48009288	0.01292758	5447	0.002569308	5.24E-04	14.97975146	1.954684445	1.67	0.07
Browning	Elephas maximus	7.15	2.666484345	0.98115438	3.845057161	0.519000396	233	32144	0.007248631	843	843	2	2	0.309954549	0.039236546	135	0.330787652	0.004914778	6492	0.003845057	5.19E-04	26.78007308	3.390037568	1.49	0.11
Browning	Axis porcinus	7.15	1.755773228	0.646050893	2.531816261	0.518386356	246	32144	0.007653061	843	843	5	5	0.092323681	0.010836314	193	0.5685436	0.01427842	2643	0.002531816	5.18E-04	7.976766064	0.936257514	1.11	0.03
Browning	Macaca mulatta	7.15	1.726905602	0.635428818	2.490189288	0.531669433	1927	32144	0.05994898	843	843	22	22	0.292909729	0.037345279	175	0.381303675	0.004671368	18150	0.002490189	5.32E-04	25.30740062	3.226632145	1.8	0.05
Browning	Rusa unicolor	7.15	1.834113128	0.67487669	2.644782007	0.49839063	587	32144	0.018261573	843	843	31	31	0.176947887	0.021980286	158	0.410938726	0.005960006	7608	0.002644782	4.98E-04	15.28829748	1.899096753	1.21	0.03
Browning	Muntiacus muntjak	7.15	1.740814679	0.640546775	2.510246108	0.514345685	709	32144	0.022056994	843	843	17	17	0.173213457	0.017168193	203	0.32769603	0.007022684	5456	0.002510246	5.14E-04	14.96564269	1.483331857	1.08	0.01
Browning	Axis axis	7.15	1.776803624	0.653789197	2.562141987	0.516132468	23308	32144	0.725111996	843	843	527	527	0.085787425	0.008157255	312	0.406569211	0.002412088	273000	0.002562142	5.16E-04	7.412033545	0.704786827	2.14	0.02
Browning	Semnopithecus schistaceus	7.15	1.742136221	0.641033047	2.512151765	0.537643263	1144	32144	0.035589846	843	843	13	13	0.151422949	0.03034331	127	0.219931391	0.003305612	13533	0.002512152	5.38E-04	13.0829428	2.621661977	1.66	0.06
Browning	Panthera tigris	7.15	1.826144938	0.67194473	2.633291917	0.51409643	436	32144	0.013563962	843	843	5	5	0.391365283	0.08185127	188	0.6335	0.02745258	2926	0.002633292	5.14E-04	33.81396049	7.071949768	1.03	0.01
Browning	Hystrix indica	7.15	1.737404614	0.639292014	2.505328812	0.505808428	117	32144	0.003639871	843	843	1	1	0.307255555	0.064327724	104	0.24988632	0.01686318	624	0.002505329	5.06E-04	26.54687991	5.55791535	1.25	0.04
Browning	Sus scrofa	7.15	1.796248442	0.660944074	2.590181319	0.545040387	630	32144	0.019599303	843	843	15	15	0.173376753	0.022623663	171	0.48009288	0.01292758	5447	0.002590181	5.45E-04	14.97975146	1.954684445	1.67	0.07
Browning	Axis axis	7.6	1.911019904	0.703175157	2.755681195	0.531838738	23308	32144	0.725111996	740	740	1840	1840	0.085787425	0.008157255	312	0.406569211	0.002412088	273000	0.002755681	5.32E-04	7.412033545	0.704786827	2.14	0.02
Browning	Elephas maximus	7.6	2.867905371	1.055268868	4.135505279	0.515584024	233	32144	0.007248631	740	740	38	38	0.309954549	0.039236546	135	0.330787652	0.004914778	6492	0.004135505	5.16E-04	26.78007308	3.390037568	1.49	0.11
Browning	Rhinoceros unicornis	7.6	2.443954458	0.899272717	3.524170172	0.500480502	232	32144	0.007217521	740	740	8	8	0.235005299	0.031100322	228	0.32306239	0.008749996	2966	0.00352417	5.00E-04	20.30445779	2.68706785	1.15	0.02
Browning	Hystrix indica	7.6	1.86864477	0.687582886	2.694576464	0.493797725	117	32144	0.003639871	740	740	11	11	0.307255555	0.064327724	104	0.24988632	0.01686318	624	0.002694576	4.94E-04	26.54687991	5.55791535	1.25	0.04
Browning	Semnopithecus schistaceus	7.6	1.873733793	0.689455433	2.70191481	0.559375715	1144	32144	0.035589846	740	740	71	71	0.151422949	0.03034331	127	0.219931391	0.003305612	13533	0.002701915	5.59E-04	13.0829428	2.621661977	1.66	0.06
Browning	Macaca mulatta	7.6	1.857352683	0.683427871	2.67829333	0.538774633	1927	32144	0.05994898	740	740	263	263	0.292909729	0.037345279	175	0.381303675	0.004671368	18150	0.002678293	5.39E-04	25.30740062	3.226632145	1.8	0.05
Browning	Sus scrofa	7.6	1.931933546	0.7108705	2.785838563	0.54623943	630	32144	0.019599303	740	740	17	17	0.173376753	0.022623663	171	0.48009288	0.01292758	5447	0.002785839	5.46E-04	14.97975146	1.954684445	1.67	0.07
Browning	Panthera tigris	7.6	1.964088365	0.722702125	2.832205652	0.507815699	436	32144	0.013563962	740	740	10	10	0.391365283	0.08185127	188	0.6335	0.02745258	2926	0.002832206	5.08E-04	33.81396049	7.071949768	1.03	0.01
Browning	Rhinoceros unicornis	7.5	2.404723558	0.884837391	3.467599408	0.516051198	232	32144	0.007217521	5595	3904	36	19	0.235005299	0.031100322	228	0.32306239	0.008749996	2966	0.003467599	5.16E-04	20.30445779	2.68706785	1.15	0.02
Browning	Sus scrofa	7.5	1.900921719	0.699459449	2.741119663	0.521622366	630	32144	0.019599303	5595	3904	103	105	0.173376753	0.022623663	171	0.48009288	0.01292758	5447	0.00274112	5.22E-04	14.97975146	1.954684445	1.67	0.07
Browning	Muntiacus muntjak	7.5	1.842257649	0.677873532	2.656526366	0.495784276	709	32144	0.022056994	5595	3904	99	75	0.173213457	0.017168193	203	0.32769603	0.007022684	5456	0.002656526	4.96E-04	14.96564269	1.483331857	1.08	0.01
Browning	Muntiacus muntjak	7.3	1.783587691	0.656285449	2.571924578	0.481087387	709	32144	0.022056994	1294	459	129	85	0.173213457	0.017168193	203	0.32769603	0.007022684	5456	0.002571925	4.81E-04	14.96564269	1.483331857	1.08	0.01
Browning	Axis porcinus	7.3	1.798913781	0.661924807	2.594024725	0.530615456	246	32144	0.007653061	1294	459	3	1	0.092323681	0.010836314	193	0.5685436	0.01427842	2643	0.002594025	5.31E-04	7.976766064	0.936257514	1.11	0.03
Browning	Rusa unicolor	7.3	1.879178547	0.691458874	2.709766117	0.525836619	587	32144	0.018261573	1294	459	31	9	0.176947887	0.021980286	158	0.410938726	0.005960006	7608	0.002709766	5.26E-04	15.28829748	1.899096753	1.21	0.03
Browning	Sus scrofa	7.3	1.8403835	0.677183924	2.653823852	0.486974963	630	32144	0.019599303	1294	459	33	21	0.173376753	0.022623663	171	0.48009288	0.01292758	5447	0.002653824	4.87E-04	14.97975146	1.954684445	1.67	0.07
Browning	Axis axis	8.4	2.175148027	0.800363226	3.136552635	0.516720549	23308	32144	0.725111996	581	581	537	537	0.085787425	0.008157255	312	0.406569211	0.002412088	273000	0.003136553	5.17E-04	7.412033545	0.704786827	2.14	0.02
Browning	Macaca mulatta	8.4	2.114063289	0.777886605	3.048468747	0.537279185	1927	32144	0.05994898	581	581	95	95	0.292909729	0.037345279	175	0.381303675	0.004671368	18150	0.003048469	5.37E-04	25.30740062	3.226632145	1.8	0.05
Browning	Hystrix indica	8.4	2.126916092	0.782615898	3.067002424	0.528962158	117	32144	0.003639871	581	581	1	1	0.307255555	0.064327724	104	0.24988632	0.01686318	624	0.003067002	5.29E-04	26.54687991	5.55791535	1.25	0.04
Browning	Panthera tigris	8.4	2.235551248	0.822589078	3.22365378	0.520832001	436	32144	0.013563962	581	581	24	24	0.391365283	0.08185127	188	0.6335	0.02745258	2926	0.003223654	5.21E-04	33.81396049	7.071949768	1.03	0.01
Browning	Rhinoceros unicornis	8.4	2.781741157	1.023564052	4.011256911	0.528249885	232	32144	0.007217521	581	581	36	36	0.235005299	0.031100322	228	0.32306239	0.008749996	2966	0.004011257	5.28E-04	20.30445779	2.68706785	1.15	0.02
Browning	Axis axis	7.5	1.880343787	0.691887633	2.711446388	0.505636617	23308	32144	0.725111996	5595	3904	2339	1873	0.085787425	0.008157255	312	0.406569211	0.002412088	273000	0.002711446	5.06E-04	7.412033545	0.704786827	2.14	0.02
Browning	Canis aureus	7.16	1.738020196	0.639518522	2.506216477	0.535001086	91	32144	0.00283101	827	827	81	81	0.307770175	0.083170755	63	0.40770733	0.02463658	979	0.002506216	5.35E-04	26.59134315	7.185953262	1.13	0.04
Browning	Axis porcinus	7.16	1.7586168	0.647097208	2.535916678	0.539268241	246	32144	0.007653061	827	827	8	8	0.092323681	0.010836314	193	0.5685436	0.01427842	2643	0.002535917	5.39E-04	7.976766064	0.936257514	1.11	0.03
Browning	Muntiacus muntjak	7.16	1.743634025	0.641584176	2.514311591	0.533246552	709	32144	0.022056994	827	827	34	34	0.173213457	0.017168193	203	0.32769603	0.007022684	5456	0.002514312	5.33E-04	14.96564269	1.483331857	1.08	0.01
Browning	Sus scrofa	7.16	1.799157566	0.66201451	2.594376261	0.534694033	630	32144	0.019599303	827	827	92	92	0.173376753	0.022623663	171	0.48009288	0.01292758	5447	0.002594376	5.35E-04	14.97975146	1.954684445	1.67	0.07
Browning	Axis axis	7.16	1.779681256	0.654848045	2.566291519	0.502921979	23308	32144	0.725111996	827	827	1400	1400	0.085787425	0.008157255	312	0.406569211	0.002412088	273000	0.002566292	5.03E-04	7.412033545	0.704786827	2.14	0.02
Browning	Macaca mulatta	7.1	1.712989192	0.630308163	2.470121895	0.508615679	1927	32144	0.05994898	4077	1829	414	261	0.292909729	0.037345279	175	0.381303675	0.004671368	18150	0.002470122	5.09E-04	25.30740062	3.226632145	1.8	0.05
Browning	Axis porcinus	7.1	1.741624186	0.640844639	2.511413413	0.505223837	246	32144	0.007653061	4077	1829	15	3	0.092323681	0.010836314	193	0.5685436	0.01427842	2643	0.002511413	5.05E-04	7.976766064	0.936257514	1.11	0.03
Browning	Axis axis	7.1	1.762485107	0.648520583	2.541494757	0.521322869	23308	32144	0.725111996	4077	1829	3209	1499	0.085787425	0.008157255	312	0.406569211	0.002412088	273000	0.002541495	5.21E-04	7.412033545	0.704786827	2.14	0.02
Browning	Rusa unicolor	7.5	1.940992903	0.714203964	2.798902112	0.499536215	587	32144	0.018261573	5595	3904	121	110	0.176947887	0.021980286	158	0.410938726	0.005960006	7608	0.002798902	5.00E-04	15.28829748	1.899096753	1.21	0.03
Browning	Axis axis	7.08	1.75679006	0.646425045	2.533282529	0.524133871	23308	32144	0.725111996	608	281	961	537	0.085787425	0.008157255	312	0.406569211	0.002412088	273000	0.002533283	5.24E-04	7.412033545	0.704786827	2.14	0.02
Browning	Semnopithecus schistaceus	7.08	1.722513145	0.633812578	2.483855387	0.542047287	1144	32144	0.035589846	608	281	27	23	0.151422949	0.03034331	127	0.219931391	0.003305612	13533	0.002483855	5.42E-04	13.0829428	2.621661977	1.66	0.06
Browning	Axis porcinus	7.08	1.735996547	0.638773904	2.503298385	0.513845561	246	32144	0.007653061	608	281	9	7	0.092323681	0.010836314	193	0.5685436	0.01427842	2643	0.002503298	5.14E-04	7.976766064	0.936257514	1.11	0.03
Browning	Sus scrofa	7.08	1.776015856	0.653499331	2.56100603	0.536298968	630	32144	0.019599303	608	281	49	42	0.173376753	0.022623663	171	0.48009288	0.01292758	5447	0.002561006	5.36E-04	14.97975146	1.954684445	1.67	0.07
Browning	Elephas maximus	7.5	2.821869116	1.038329457	4.069121228	0.536791882	233	32144	0.007248631	5595	3904	34	23	0.309954549	0.039236546	135	0.330787652	0.004914778	6492	0.004069121	5.37E-04	26.78007308	3.390037568	1.49	0.11
Browning	Macaca mulatta	7.8	1.918449092	0.705908787	2.766394048	0.491461413	1927	32144	0.05994898	1731	1279	73	62	0.292909729	0.037345279	175	0.381303675	0.004671368	18150	0.002766394	4.91E-04	25.30740062	3.226632145	1.8	0.05
Browning	Panthera tigris	7.8	2.028695775	0.746474941	2.925369216	0.501762964	436	32144	0.013563962	1731	1279	41	19	0.391365283	0.08185127	188	0.6335	0.02745258	2926	0.002925369	5.02E-04	33.81396049	7.071949768	1.03	0.01
Browning	Sus scrofa	7.8	1.995483244	0.734254123	2.877476912	0.548249701	630	32144	0.019599303	1731	1279	30	29	0.173376753	0.022623663	171	0.48009288	0.01292758	5447	0.002877477	5.48E-04	14.97975146	1.954684445	1.67	0.07
Browning	Semnopithecus schistaceus	7.8	1.935369049	0.712134621	2.790792541	0.507223393	1144	32144	0.035589846	1731	1279	78	69	0.151422949	0.03034331	127	0.219931391	0.003305612	13533	0.002790793	5.07E-04	13.0829428	2.621661977	1.66	0.06
Browning	Axis axis	7.35	1.835250424	0.675295167	2.646421983	0.507113966	23308	32144	0.725111996	2187	1738	4083	2568	0.085787425	0.008157255	312	0.406569211	0.002412088	273000	0.002646422	5.07E-04	7.412033545	0.704786827	2.14	0.02
Browning	Semnopithecus schistaceus	7.35	1.79944266	0.662119412	2.594787365	0.525006581	1144	32144	0.035589846	2187	1738	137	70	0.151422949	0.03034331	127	0.219931391	0.003305612	13533	0.002594787	5.25E-04	13.0829428	2.621661977	1.66	0.06
Browning	Muntiacus muntjak	7.35	1.798077646	0.661617145	2.592819022	0.530708992	709	32144	0.022056994	2187	1738	78	59	0.173213457	0.017168193	203	0.32769603	0.007022684	5456	0.002592819	5.31E-04	14.96564269	1.483331857	1.08	0.01
Browning	Sus scrofa	7.35	1.855334867	0.6826854	2.675383649	0.520666142	630	32144	0.019599303	2187	1738	60	47	0.173376753	0.022623663	171	0.48009288	0.01292758	5447	0.002675384	5.21E-04	14.97975146	1.954684445	1.67	0.07
Browning	Macaca mulatta	7.35	1.783711039	0.656330836	2.572102446	0.530324906	1927	32144	0.05994898	2187	1738	115	87	0.292909729	0.037345279	175	0.381303675	0.004671368	18150	0.002572102	5.30E-04	25.30740062	3.226632145	1.8	0.05
Browning	Macaca mulatta	7	1.685491909	0.620190316	2.430470948	0.530729402	1927	32144	0.05994898	598	598	27	27	0.292909729	0.037345279	175	0.381303675	0.004671368	18150	0.002430471	5.31E-04	25.30740062	3.226632145	1.8	0.05
Browning	Semnopithecus schistaceus	7	1.700357276	0.625660147	2.451906733	0.515367407	1144	32144	0.035589846	598	598	36	36	0.151422949	0.03034331	127	0.219931391	0.003305612	13533	0.002451907	5.15E-04	13.0829428	2.621661977	1.66	0.06
Browning	Sus scrofa	7	1.753171807	0.645093679	2.528065025	0.522903019	630	32144	0.019599303	598	598	3	3	0.173376753	0.022623663	171	0.48009288	0.01292758	5447	0.002528065	5.23E-04	14.97975146	1.954684445	1.67	0.07
Browning	Rusa unicolor	7	1.790128443	0.658692171	2.58135631	0.524764463	587	32144	0.018261573	598	598	15	15	0.176947887	0.021980286	158	0.410938726	0.005960006	7608	0.002581356	5.25E-04	15.28829748	1.899096753	1.21	0.03
Browning	Muntiacus muntjak	7	1.699067426	0.625185537	2.450046777	0.554441107	709	32144	0.022056994	598	598	52	52	0.173213457	0.017168193	203	0.32769603	0.007022684	5456	0.002450047	5.54E-04	14.96564269	1.483331857	1.08	0.01
Browning	Axis axis	7.4	1.85016009	0.680781299	2.667921647	0.548458553	23308	32144	0.725111996	4107	1498	1922	732	0.085787425	0.008157255	312	0.406569211	0.002412088	273000	0.002667922	5.48E-04	7.412033545	0.704786827	2.14	0.02
Browning	Semnopithecus schistaceus	7.2	1.756289423	0.646240831	2.532560612	0.510889771	1144	32144	0.035589846	608	216	56	54	0.151422949	0.03034331	127	0.219931391	0.003305612	13533	0.002532561	5.11E-04	13.0829428	2.621661977	1.66	0.06
Browning	Macaca mulatta	7.2	1.740935069	0.640591073	2.51041971	0.519735972	1927	32144	0.05994898	608	216	59	56	0.292909729	0.037345279	175	0.381303675	0.004671368	18150	0.00251042	5.20E-04	25.30740062	3.226632145	1.8	0.05
Browning	Axis axis	7.2	1.791238465	0.659100613	2.582956957	0.497011802	23308	32144	0.725111996	608	216	342	216	0.085787425	0.008157255	312	0.406569211	0.002412088	273000	0.002582957	4.97E-04	7.412033545	0.704786827	2.14	0.02
Browning	Muntiacus muntjak	8.1	2.030103004	0.746992743	2.927398433	0.505621948	709	32144	0.022056994	1780	1125	44	37	0.173213457	0.017168193	203	0.32769603	0.007022684	5456	0.002927398	5.06E-04	14.96564269	1.483331857	1.08	0.01
Browning	Macaca mulatta	8.1	2.013882518	0.741024284	2.904008574	0.530035451	1927	32144	0.05994898	1780	1125	40	36	0.292909729	0.037345279	175	0.381303675	0.004671368	18150	0.002904009	5.30E-04	25.30740062	3.226632145	1.8	0.05
Browning	Axis axis	8.1	2.072072586	0.762435788	2.987918362	0.494655799	23308	32144	0.725111996	1780	1125	525	384	0.085787425	0.008157255	312	0.406569211	0.002412088	273000	0.002987918	4.95E-04	7.412033545	0.704786827	2.14	0.02
Browning	Macaca mulatta	7.25	1.755078513	0.645795267	2.530814485	0.536526578	1927	32144	0.05994898	1516	951	34	32	0.292909729	0.037345279	175	0.381303675	0.004671368	18150	0.002530814	5.37E-04	25.30740062	3.226632145	1.8	0.05
Browning	Muntiacus muntjak	7.25	1.769214504	0.650996719	2.551198514	0.522741043	709	32144	0.022056994	1516	951	43	6	0.173213457	0.017168193	203	0.32769603	0.007022684	5456	0.002551199	5.23E-04	14.96564269	1.483331857	1.08	0.01
Browning	Sus scrofa	7.25	1.825552619	0.671726782	2.632437796	0.562474735	630	32144	0.019599303	1516	951	17	12	0.173376753	0.022623663	171	0.48009288	0.01292758	5447	0.002632438	5.62E-04	14.97975146	1.954684445	1.67	0.07
Browning	Axis porcinus	7.7	1.919208474	0.706188208	2.767489073	0.536538747	246	32144	0.007653061	2048	1247	11	11	0.092323681	0.010836314	193	0.5685436	0.01427842	2643	0.002767489	5.37E-04	7.976766064	0.936257514	1.11	0.03
Browning	Macaca mulatta	7.7	1.88765372	0.694577382	2.721987275	0.510699146	1927	32144	0.05994898	2048	1247	101	90	0.292909729	0.037345279	175	0.381303675	0.004671368	18150	0.002721987	5.11E-04	25.30740062	3.226632145	1.8	0.05
Browning	Sus scrofa	7.7	1.963451303	0.722467713	2.831287012	0.502134904	630	32144	0.019599303	2048	1247	20	14	0.173376753	0.022623663	171	0.48009288	0.01292758	5447	0.002831287	5.02E-04	14.97975146	1.954684445	1.67	0.07
Browning	Rusa unicolor	7.7	2.004840603	0.737697239	2.890970178	0.51714434	587	32144	0.018261573	2048	1247	23	13	0.176947887	0.021980286	158	0.410938726	0.005960006	7608	0.00289097	5.17E-04	15.28829748	1.899096753	1.21	0.03
Browning	Axis porcinus	7	1.713667247	0.630557658	2.471099646	0.515604565	246	32144	0.007653061	598	598	2	2	0.092323681	0.010836314	193	0.5685436	0.01427842	2643	0.0024711	5.16E-04	7.976766064	0.936257514	1.11	0.03
Browning	Elephas maximus	7	2.602538194	0.957624879	3.75284713	0.502877276	233	32144	0.007248631	598	598	1	1	0.309954549	0.039236546	135	0.330787652	0.004914778	6492	0.003752847	5.03E-04	26.78007308	3.390037568	1.49	0.11
Browning	Semnopithecus schistaceus	7.1	1.728097074	0.63586723	2.491907385	0.515818645	1144	32144	0.035589846	4077	1829	194	127	0.151422949	0.03034331	127	0.219931391	0.003305612	13533	0.002491907	5.16E-04	13.0829428	2.621661977	1.66	0.06
Browning	Axis axis	7.8	1.973881661	0.726305647	2.846327537	0.519669227	23308	32144	0.725111996	1731	1279	884	676	0.085787425	0.008157255	312	0.406569211	0.002412088	273000	0.002846328	5.20E-04	7.412033545	0.704786827	2.14	0.02
Browning	Rusa unicolor	7.8	2.037547774	0.749732106	2.938133754	0.535477832	587	32144	0.018261573	1731	1279	26	18	0.176947887	0.021980286	158	0.410938726	0.005960006	7608	0.002938134	5.35E-04	15.28829748	1.899096753	1.21	0.03
Browning	Elephas maximus	7.8	2.962243254	1.089981251	4.271540037	0.524064681	233	32144	0.007248631	1731	1279	14	6	0.309954549	0.039236546	135	0.330787652	0.004914778	6492	0.00427154	5.24E-04	26.78007308	3.390037568	1.49	0.11
Browning	Elephas maximus	7.7	2.914692666	1.07248463	4.202972326	0.548059088	233	32144	0.007248631	2048	1247	26	16	0.309954549	0.039236546	135	0.330787652	0.004914778	6492	0.004202972	5.48E-04	26.78007308	3.390037568	1.49	0.11
Browning	Semnopithecus schistaceus	7.7	1.904302074	0.700703278	2.745994118	0.512541487	1144	32144	0.035589846	2048	1247	115	102	0.151422949	0.03034331	127	0.219931391	0.003305612	13533	0.002745994	5.13E-04	13.0829428	2.621661977	1.66	0.06
Browning	Axis axis	7.7	1.942196474	0.714646827	2.800637654	0.524738004	23308	32144	0.725111996	2048	1247	1099	742	0.085787425	0.008157255	312	0.406569211	0.002412088	273000	0.002800638	5.25E-04	7.412033545	0.704786827	2.14	0.02
Browning	Panthera tigris	7.7	1.996130699	0.734492359	2.878410538	0.533626393	436	32144	0.013563962	2048	1247	118	48	0.391365283	0.08185127	188	0.6335	0.02745258	2926	0.002878411	5.34E-04	33.81396049	7.071949768	1.03	0.01
Browning	Sus scrofa	7.4	1.8704077	0.68823157	2.6971186	0.536457024	630	32144	0.019599303	4107	1498	55	10	0.173376753	0.022623663	171	0.48009288	0.01292758	5447	0.002697119	5.36E-04	14.97975146	1.954684445	1.67	0.07
Browning	Muntiacus muntjak	7.4	1.812685319	0.666992155	2.613883213	0.535711457	709	32144	0.022056994	4107	1498	30	20	0.173213457	0.017168193	203	0.32769603	0.007022684	5456	0.002613883	5.36E-04	14.96564269	1.483331857	1.08	0.01
Browning	Hystrix indica	7.4	1.809134468	0.665685591	2.608762903	0.500973383	117	32144	0.003639871	4107	1498	14	1	0.307255555	0.064327724	104	0.24988632	0.01686318	624	0.002608763	5.01E-04	26.54687991	5.55791535	1.25	0.04
Browning	Macaca mulatta	7.4	1.798201997	0.6616629	2.592998335	0.524195413	1927	32144	0.05994898	4107	1498	175	82	0.292909729	0.037345279	175	0.381303675	0.004671368	18150	0.002592998	5.24E-04	25.30740062	3.226632145	1.8	0.05
Browning	Semnopithecus schistaceus	7.4	1.814061422	0.667498503	2.615867547	0.488805006	1144	32144	0.035589846	4107	1498	134	47	0.151422949	0.03034331	127	0.219931391	0.003305612	13533	0.002615868	4.89E-04	13.0829428	2.621661977	1.66	0.06
Browning	Muntiacus muntjak	7.7	1.902857517	0.700171741	2.743911074	0.506076491	709	32144	0.022056994	2048	1247	10	9	0.173213457	0.017168193	203	0.32769603	0.007022684	5456	0.002743911	5.06E-04	14.96564269	1.483331857	1.08	0.01
Browning	Axis axis	7.55	1.895619794	0.697508563	2.733474314	0.534486128	23308	32144	0.725111996	494	211	263	182	0.085787425	0.008157255	312	0.406569211	0.002412088	273000	0.002733474	5.34E-04	7.412033545	0.704786827	2.14	0.02
Browning	Semnopithecus schistaceus	7.55	1.858634157	0.6838994	2.680141209	0.505137582	1144	32144	0.035589846	494	211	53	37	0.151422949	0.03034331	127	0.219931391	0.003305612	13533	0.002680141	5.05E-04	13.0829428	2.621661977	1.66	0.06
Browning	Semnopithecus schistaceus	7.5	1.843656202	0.678388141	2.658543072	0.516970095	1144	32144	0.035589846	5595	3904	59	50	0.151422949	0.03034331	127	0.219931391	0.003305612	13533	0.002658543	5.17E-04	13.0829428	2.621661977	1.66	0.06
Browning	Muntiacus muntjak	7.1	1.726786182	0.635384876	2.490017085	0.561356617	709	32144	0.022056994	4077	1829	49	16	0.173213457	0.017168193	203	0.32769603	0.007022684	5456	0.002490017	5.61E-04	14.96564269	1.483331857	1.08	0.01
Browning	Semnopithecus schistaceus	7.45	1.828798948	0.672921295	2.637118985	0.505281791	1144	32144	0.035589846	541	113	45	27	0.151422949	0.03034331	127	0.219931391	0.003305612	13533	0.002637119	5.05E-04	13.0829428	2.621661977	1.66	0.06
Browning	Macaca mulatta	7.45	1.81281068	0.667038283	2.614063983	0.503470352	1927	32144	0.05994898	541	113	15	12	0.292909729	0.037345279	175	0.381303675	0.004671368	18150	0.002614064	5.03E-04	25.30740062	3.226632145	1.8	0.05
Browning	Axis axis	7.45	1.865190883	0.686312	2.689595976	0.534871842	23308	32144	0.725111996	541	113	439	287	0.085787425	0.008157255	312	0.406569211	0.002412088	273000	0.002689596	5.35E-04	7.412033545	0.704786827	2.14	0.02
Browning	Rusa unicolor	7.45	1.925351254	0.708448493	2.776346931	0.53768544	587	32144	0.018261573	541	113	46	27	0.176947887	0.021980286	158	0.410938726	0.005960006	7608	0.002776347	5.38E-04	15.28829748	1.899096753	1.21	0.03
Browning	Hystrix indica	7.45	1.823831967	0.671093654	2.629956624	0.512643888	117	32144	0.003639871	541	113	1	1	0.307255555	0.064327724	104	0.24988632	0.01686318	624	0.002629957	5.13E-04	26.54687991	5.55791535	1.25	0.04
Browning	Rusa unicolor	7.1	1.819332777	0.669438141	2.623468815	0.537036178	587	32144	0.018261573	4077	1829	55	33	0.176947887	0.021980286	158	0.410938726	0.005960006	7608	0.002623469	5.37E-04	15.28829748	1.899096753	1.21	0.03
Browning	Semnopithecus schistaceus	6.5	1.568196317	0.577030459	2.261331288	0.528774811	1144	32144	0.035589846	555	139	11	8	0.151422949	0.03034331	127	0.219931391	0.003305612	13533	0.002261331	5.29E-04	13.0829428	2.621661977	1.66	0.06
Browning	Rusa unicolor	6.5	1.650989984	0.607495055	2.380719344	0.523539409	587	32144	0.018261573	555	139	4	1	0.176947887	0.021980286	158	0.410938726	0.005960006	7608	0.002380719	5.24E-04	15.28829748	1.899096753	1.21	0.03
Browning	Hystrix indica	6.5	1.563937127	0.575463256	2.255189558	0.524369197	117	32144	0.003639871	555	139	6	2	0.307255555	0.064327724	104	0.24988632	0.01686318	624	0.00225519	5.24E-04	26.54687991	5.55791535	1.25	0.04
Browning	Axis axis	6.5	1.599402426	0.588512998	2.306330342	0.544883755	23308	32144	0.725111996	555	139	222	67	0.085787425	0.008157255	312	0.406569211	0.002412088	273000	0.00230633	5.45E-04	7.412033545	0.704786827	2.14	0.02
Browning	Axis porcinus	4.5	1.143477763	0.420751848	1.648889246	0.512081299	246	32144	0.007653061	320	271	8	5	0.092323681	0.010836314	193	0.5685436	0.01427842	2643	0.001648889	5.12E-04	7.976766064	0.936257514	1.11	0.03
Browning	Elephas maximus	7.25	2.709985637	0.997161031	3.907785808	0.511337636	233	32144	0.007248631	1516	951	13	12	0.309954549	0.039236546	135	0.330787652	0.004914778	6492	0.003907786	5.11E-04	26.78007308	3.390037568	1.49	0.11
Browning	Axis axis	7.25	1.805790576	0.664455179	2.603941028	0.536207462	23308	32144	0.725111996	1516	951	1564	1196	0.085787425	0.008157255	312	0.406569211	0.002412088	273000	0.002603941	5.36E-04	7.412033545	0.704786827	2.14	0.02
Browning	Panthera tigris	8.1	2.129613432	0.783608406	3.070891976	0.493529905	436	32144	0.013563962	1780	1125	8	7	0.391365283	0.08185127	188	0.6335	0.02745258	2926	0.003070892	4.94E-04	33.81396049	7.071949768	1.03	0.01
Browning	Elephas maximus	8.1	3.109600317	1.144202469	4.484028189	0.539279856	233	32144	0.007248631	1780	1125	7	7	0.309954549	0.039236546	135	0.330787652	0.004914778	6492	0.004484028	5.39E-04	26.78007308	3.390037568	1.49	0.11
Browning	Macaca mulatta	7.5	1.827538044	0.672457335	2.635300769	0.515989698	1927	32144	0.05994898	5595	3904	314	213	0.292909729	0.037345279	175	0.381303675	0.004671368	18150	0.002635301	5.16E-04	25.30740062	3.226632145	1.8	0.05
Browning	Axis axis	7.3	1.820460909	0.669853246	2.625095575	0.541874747	23308	32144	0.725111996	1294	459	566	364	0.085787425	0.008157255	312	0.406569211	0.002412088	273000	0.002625096	5.42E-04	7.412033545	0.704786827	2.14	0.02
Browning	Hystrix indica	7.3	1.780093839	0.654999858	2.566886461	0.529945391	117	32144	0.003639871	1294	459	8	7	0.307255555	0.064327724	104	0.24988632	0.01686318	624	0.002566886	5.30E-04	26.54687991	5.55791535	1.25	0.04
Browning	Panthera tigris	7.3	1.871014573	0.688454874	2.697993707	0.514565618	436	32144	0.013563962	1294	459	11	9	0.391365283	0.08185127	188	0.6335	0.02745258	2926	0.002697994	5.15E-04	33.81396049	7.071949768	1.03	0.01
Browning	Muntiacus muntjak	8.4	2.131090664	0.784151965	3.073022137	0.489836009	709	32144	0.022056994	581	581	4	4	0.173213457	0.017168193	203	0.32769603	0.007022684	5456	0.003073022	4.90E-04	14.96564269	1.483331857	1.08	0.01
Browning	Semnopithecus schistaceus	8.4	2.132708485	0.784747255	3.075355027	0.508242528	1144	32144	0.035589846	581	581	30	30	0.151422949	0.03034331	127	0.219931391	0.003305612	13533	0.003075355	5.08E-04	13.0829428	2.621661977	1.66	0.06
Browning	Panthera tigris	7.16	1.829102481	0.673032982	2.63755668	0.494683388	436	32144	0.013563962	827	827	7	7	0.391365283	0.08185127	188	0.6335	0.02745258	2926	0.002637557	4.95E-04	33.81396049	7.071949768	1.03	0.01
Browning	Macaca mulatta	8.2	2.046737199	0.753113429	2.951384861	0.494265999	1927	32144	0.05994898	444	124	24	21	0.292909729	0.037345279	175	0.381303675	0.004671368	18150	0.002951385	4.94E-04	25.30740062	3.226632145	1.8	0.05
Browning	Muntiacus muntjak	8.2	2.063222307	0.759179257	2.975156304	0.536062043	709	32144	0.022056994	444	124	9	4	0.173213457	0.017168193	203	0.32769603	0.007022684	5456	0.002975156	5.36E-04	14.96564269	1.483331857	1.08	0.01
Browning	Muntiacus muntjak	7.08	1.721206488	0.633331783	2.481971194	0.534565392	709	32144	0.022056994	608	281	44	35	0.173213457	0.017168193	203	0.32769603	0.007022684	5456	0.002481971	5.35E-04	14.96564269	1.483331857	1.08	0.01
Browning	Panthera tigris	7.75	2.012347364	0.740459412	2.901794889	0.510639381	436	32144	0.013563962	650	650	6	6	0.391365283	0.08185127	188	0.6335	0.02745258	2926	0.002901795	5.11E-04	33.81396049	7.071949768	1.03	0.01
Browning	Rusa unicolor	7.75	2.021128029	0.743690328	2.914456564	0.520913214	587	32144	0.018261573	650	650	14	14	0.176947887	0.021980286	158	0.410938726	0.005960006	7608	0.002914457	5.21E-04	15.28829748	1.899096753	1.21	0.03
Browning	Hystrix indica	7.75	1.914558655	0.704477269	2.760784057	0.521495421	117	32144	0.003639871	650	650	4	4	0.307255555	0.064327724	104	0.24988632	0.01686318	624	0.002760784	5.21E-04	26.54687991	5.55791535	1.25	0.04
Browning	Muntiacus muntjak	7.8	1.933900925	0.711594413	2.788675514	0.505925002	709	32144	0.022056994	1731	1279	34	14	0.173213457	0.017168193	203	0.32769603	0.007022684	5456	0.002788676	5.06E-04	14.96564269	1.483331857	1.08	0.01
Browning	Canis aureus	7.35	1.79228853	0.659486993	2.584471145	0.53525645	91	32144	0.00283101	2187	1738	2	2	0.307770175	0.083170755	63	0.40770733	0.02463658	979	0.002584471	5.35E-04	26.59134315	7.185953262	1.13	0.04
Browning	Rusa unicolor	7.35	1.894445087	0.69707632	2.731780392	0.537087499	587	32144	0.018261573	2187	1738	69	12	0.176947887	0.021980286	158	0.410938726	0.005960006	7608	0.00273178	5.37E-04	15.28829748	1.899096753	1.21	0.03
Browning	Hystrix indica	7.5	1.838648869	0.676545652	2.651322523	0.518001417	117	32144	0.003639871	5595	3904	6	6	0.307255555	0.064327724	104	0.24988632	0.01686318	624	0.002651323	5.18E-04	26.54687991	5.55791535	1.25	0.04
Browning	Hystrix indica	7.2	1.751519376	0.644485654	2.525682228	0.526860375	117	32144	0.003639871	608	216	2	2	0.307255555	0.064327724	104	0.24988632	0.01686318	624	0.002525682	5.27E-04	26.54687991	5.55791535	1.25	0.04
Browning	Canis aureus	7.2	1.749306859	0.643671541	2.52249179	0.506218499	91	32144	0.00283101	608	216	3	3	0.307770175	0.083170755	63	0.40770733	0.02463658	979	0.002522492	5.06E-04	26.59134315	7.185953262	1.13	0.04
Browning	Hystrix indica	8.1	2.026126255	0.745529466	2.921663981	0.530165932	117	32144	0.003639871	1780	1125	2	2	0.307255555	0.064327724	104	0.24988632	0.01686318	624	0.002921664	5.30E-04	26.54687991	5.55791535	1.25	0.04
Browning	Panthera tigris	7	1.782351342	0.655830524	2.570141769	0.533326488	436	32144	0.013563962	598	598	1	1	0.391365283	0.08185127	188	0.6335	0.02745258	2926	0.002570142	5.33E-04	33.81396049	7.071949768	1.03	0.01
Browning	Rhinoceros unicornis	7.8	2.524346752	0.928853708	3.640095459	0.537984662	232	32144	0.007217521	1731	1279	1	1	0.235005299	0.031100322	228	0.32306239	0.008749996	2966	0.003640095	5.38E-04	20.30445779	2.68706785	1.15	0.02
Browning	Semnopithecus schistaceus	7.3	1.784941704	0.656783669	2.573877059	0.515359574	1144	32144	0.035589846	1294	459	11	10	0.151422949	0.03034331	127	0.219931391	0.003305612	13533	0.002573877	5.15E-04	13.0829428	2.621661977	1.66	0.06
Browning	Macaca mulatta	7.3	1.769336858	0.65104174	2.551374949	0.521800425	1927	32144	0.05994898	1294	459	55	53	0.292909729	0.037345279	175	0.381303675	0.004671368	18150	0.002551375	5.22E-04	25.30740062	3.226632145	1.8	0.05
Browning	Hystrix indica	7.55	1.853586144	0.682041943	2.672861999	0.521844244	117	32144	0.003639871	494	211	9	6	0.307255555	0.064327724	104	0.24988632	0.01686318	624	0.002672862	5.22E-04	26.54687991	5.55791535	1.25	0.04
Browning	Macaca mulatta	7.55	1.842385055	0.677920412	2.656710084	0.538505219	1927	32144	0.05994898	494	211	33	31	0.292909729	0.037345279	175	0.381303675	0.004671368	18150	0.00265671	5.39E-04	25.30740062	3.226632145	1.8	0.05
Browning	Rusa unicolor	7.55	1.956761627	0.720006192	2.821640532	0.554189574	587	32144	0.018261573	494	211	33	7	0.176947887	0.021980286	158	0.410938726	0.005960006	7608	0.002821641	5.54E-04	15.28829748	1.899096753	1.21	0.03
Browning	Sus scrofa	6.5	1.616905817	0.594953512	2.331570146	0.507759295	630	32144	0.019599303	555	139	7	3	0.173376753	0.022623663	171	0.48009288	0.01292758	5447	0.00233157	5.08E-04	14.97975146	1.954684445	1.67	0.07
Browning	Rusa unicolor	4.5	1.194497982	0.439525148	1.722460148	0.524316074	587	32144	0.018261573	320	271	1	1	0.176947887	0.021980286	158	0.410938726	0.005960006	7608	0.00172246	5.24E-04	15.28829748	1.899096753	1.21	0.03
Browning	Panthera tigris	7.25	1.855936849	0.682906904	2.676251705	0.487857109	436	32144	0.013563962	1516	951	15	9	0.391365283	0.08185127	188	0.6335	0.02745258	2926	0.002676252	4.88E-04	33.81396049	7.071949768	1.03	0.01
Browning	Hystrix indica	7.16	1.740218438	0.640327383	2.509386331	0.515767303	117	32144	0.003639871	827	827	5	5	0.307255555	0.064327724	104	0.24988632	0.01686318	624	0.002509386	5.16E-04	26.54687991	5.55791535	1.25	0.04
Browning	Semnopithecus schistaceus	7.16	1.744957708	0.642071235	2.516220335	0.500228173	1144	32144	0.035589846	827	827	44	44	0.151422949	0.03034331	127	0.219931391	0.003305612	13533	0.00251622	5.00E-04	13.0829428	2.621661977	1.66	0.06
Browning	Canis aureus	7.08	1.715664867	0.631292699	2.473980204	0.518648422	91	32144	0.00283101	608	281	1	1	0.307770175	0.083170755	63	0.40770733	0.02463658	979	0.00247398	5.19E-04	26.59134315	7.185953262	1.13	0.04
Browning	Panthera tigris	7.08	1.805575604	0.664376078	2.60363104	0.541078441	436	32144	0.013563962	608	281	8	1	0.391365283	0.08185127	188	0.6335	0.02745258	2926	0.002603631	5.41E-04	33.81396049	7.071949768	1.03	0.01
Browning	Axis porcinus	7.75	1.93480022	0.711925316	2.789972292	0.527811881	246	32144	0.007653061	650	650	17	17	0.092323681	0.010836314	193	0.5685436	0.01427842	2643	0.002789972	5.28E-04	7.976766064	0.936257514	1.11	0.03
Browning	Semnopithecus schistaceus	7.75	1.919772719	0.706395826	2.768302712	0.515350879	1144	32144	0.035589846	650	650	10	10	0.151422949	0.03034331	127	0.219931391	0.003305612	13533	0.002768303	5.15E-04	13.0829428	2.621661977	1.66	0.06
Browning	Elephas maximus	7.4	2.776571845	1.021661962	4.003802789	0.511591612	233	32144	0.007248631	4107	1498	14	5	0.309954549	0.039236546	135	0.330787652	0.004914778	6492	0.004003803	5.12E-04	26.78007308	3.390037568	1.49	0.11
Browning	Elephas maximus	7.1	2.644996263	0.973247667	3.814071454	0.495784078	233	32144	0.007248631	4077	1829	27	6	0.309954549	0.039236546	135	0.330787652	0.004914778	6492	0.003814071	4.96E-04	26.78007308	3.390037568	1.49	0.11
Browning	Axis porcinus	7.55	1.87318308	0.689252793	2.701120683	0.532051505	246	32144	0.007653061	494	211	7	4	0.092323681	0.010836314	193	0.5685436	0.01427842	2643	0.002701121	5.32E-04	7.976766064	0.936257514	1.11	0.03
Hiperfire1	Sus scrofa	7.3	1.29122073	0.76362129	2.088850415	0.520919699	630	32144	0.019599303	1294	496	33	5	0.173376753	0.022623663	171	0.48009288	0.01292758	5447	0.00208885	5.21E-04	14.97975146	1.954684445	1.67	0.07
Browning	Sus scrofa	8.4	2.19895221	0.809122167	3.170878148	0.519509718	630	32144	0.019599303	581	581	6	6	0.173376753	0.022623663	171	0.48009288	0.01292758	5447	0.003170878	5.20E-04	14.97975146	1.954684445	1.67	0.07
Browning	Macaca mulatta	7.16	1.729702422	0.63645793	2.494222288	0.53255133	1927	32144	0.05994898	827	827	27	27	0.292909729	0.037345279	175	0.381303675	0.004671368	18150	0.002494222	5.33E-04	25.30740062	3.226632145	1.8	0.05
Browning	Muntiacus muntjak	7.75	1.918316426	0.705859971	2.766202744	0.503486297	709	32144	0.022056994	650	650	23	23	0.173213457	0.017168193	203	0.32769603	0.007022684	5456	0.002766203	5.03E-04	14.96564269	1.483331857	1.08	0.01
Browning	Macaca mulatta	7.75	1.902989114	0.700220163	2.744100836	0.517911187	1927	32144	0.05994898	650	650	20	20	0.292909729	0.037345279	175	0.381303675	0.004671368	18150	0.002744101	5.18E-04	25.30740062	3.226632145	1.8	0.05
Hiperfire1	Axis axis	7.7	1.362653137	0.805866048	2.204408979	0.539583505	23308	32144	0.725111996	2048	476	1099	128	0.085787425	0.008157255	312	0.406569211	0.002412088	273000	0.002204409	5.40E-04	7.412033545	0.704786827	2.14	0.02
Hiperfire1	Panthera tigris	7.7	1.400493614	0.828244711	2.265624768	0.506316357	436	32144	0.013563962	2048	476	118	11	0.391365283	0.08185127	188	0.6335	0.02745258	2926	0.002265625	5.06E-04	33.81396049	7.071949768	1.03	0.01
Hiperfire1	Axis axis	7.4	1.298080027	0.767677843	2.099946926	0.50221931	23308	32144	0.725111996	4107	828	1922	268	0.085787425	0.008157255	312	0.406569211	0.002412088	273000	0.002099947	5.02E-04	7.412033545	0.704786827	2.14	0.02
Hiperfire1	Rusa unicolor	7.4	1.339948651	0.792438731	2.167679182	0.524956154	587	32144	0.018261573	4107	828	78	11	0.176947887	0.021980286	158	0.410938726	0.005960006	7608	0.002167679	5.25E-04	15.28829748	1.899096753	1.21	0.03
Hiperfire1	Axis axis	7.45	1.308625694	0.773914496	2.117007	0.508152635	23308	32144	0.725111996	541	350	439	82	0.085787425	0.008157255	312	0.406569211	0.002412088	273000	0.002117007	5.08E-04	7.412033545	0.704786827	2.14	0.02
Hiperfire1	Panthera tigris	7.45	1.344965845	0.795405874	2.175795662	0.507367176	436	32144	0.013563962	541	350	2	2	0.391365283	0.08185127	188	0.6335	0.02745258	2926	0.002175796	5.07E-04	33.81396049	7.071949768	1.03	0.01
Hiperfire1	Rusa unicolor	7.45	1.350834461	0.798876543	2.185289516	0.513065526	587	32144	0.018261573	541	350	46	12	0.176947887	0.021980286	158	0.410938726	0.005960006	7608	0.00218529	5.13E-04	15.28829748	1.899096753	1.21	0.03
Hiperfire1	Sus scrofa	6.5	1.134427858	0.670894793	1.835201407	0.521395601	630	32144	0.019599303	555	416	7	4	0.173376753	0.022623663	171	0.48009288	0.01292758	5447	0.001835201	5.21E-04	14.97975146	1.954684445	1.67	0.07
Hiperfire1	Axis axis	6.5	1.122147405	0.663632196	1.815334914	0.502895825	23308	32144	0.725111996	555	416	222	155	0.085787425	0.008157255	312	0.406569211	0.002412088	273000	0.001815335	5.03E-04	7.412033545	0.704786827	2.14	0.02
Hiperfire1	Hystrix indica	6.5	1.097264804	0.648916754	1.775081508	0.503784008	117	32144	0.003639871	555	416	6	4	0.307255555	0.064327724	104	0.24988632	0.01686318	624	0.001775082	5.04E-04	26.54687991	5.55791535	1.25	0.04
Browning	Axis axis	7	1.734193304	0.638110386	2.500698117	0.506929118	23308	32144	0.725111996	598	598	300	300	0.085787425	0.008157255	312	0.406569211	0.002412088	273000	0.002500698	5.07E-04	7.412033545	0.704786827	2.14	0.02
Hiperfire1	Axis axis	7.2	1.25674037	0.743229782	2.033070397	0.51676001	23308	32144	0.725111996	608	392	342	126	0.085787425	0.008157255	312	0.406569211	0.002412088	273000	0.00203307	5.17E-04	7.412033545	0.704786827	2.14	0.02
Hiperfire1	Axis axis	8.1	1.453774759	0.859754905	2.351819435	0.525862836	23308	32144	0.725111996	1780	655	525	141	0.085787425	0.008157255	312	0.406569211	0.002412088	273000	0.002351819	5.26E-04	7.412033545	0.704786827	2.14	0.02
Hiperfire1	Sus scrofa	7.25	1.280815323	0.757467586	2.072017244	0.518779426	630	32144	0.019599303	1516	517	17	5	0.173376753	0.022623663	171	0.48009288	0.01292758	5447	0.002072017	5.19E-04	14.97975146	1.954684445	1.67	0.07
Hiperfire1	Muntiacus muntjak	7.25	1.241288267	0.734091488	2.00807302	0.538216724	709	32144	0.022056994	1516	517	43	33	0.173213457	0.017168193	203	0.32769603	0.007022684	5456	0.002008073	5.38E-04	14.96564269	1.483331857	1.08	0.01
Hiperfire1	Panthera tigris	7.25	1.302133025	0.770074765	2.106503595	0.515878875	436	32144	0.013563962	1516	517	15	6	0.391365283	0.08185127	188	0.6335	0.02745258	2926	0.002106504	5.16E-04	33.81396049	7.071949768	1.03	0.01
Hiperfire1	Elephas maximus	7.25	1.901337213	1.124441036	3.075855997	0.493863125	233	32144	0.007248631	1516	517	13	1	0.309954549	0.039236546	135	0.330787652	0.004914778	6492	0.003075856	4.94E-04	26.78007308	3.390037568	1.49	0.11
Hiperfire2	Panthera tigris	7.5	1.48954679	0.551900859	2.150615226	0.489169127	436	32144	0.013563962	5595	1106	67	23	0.391365283	0.08185127	188	0.6335	0.02745258	2926	0.002150615	4.89E-04	33.81396049	7.071949768	1.03	0.01
Hiperfire2	Axis porcinus	7.5	1.432146114	0.530632992	2.067739838	0.5366748	246	32144	0.007653061	5595	1106	85	8	0.092323681	0.010836314	193	0.5685436	0.01427842	2643	0.00206774	5.37E-04	7.976766064	0.936257514	1.11	0.03
Hiperfire2	Sus scrofa	7.5	1.465160867	0.542865485	2.115406707	0.532770831	630	32144	0.019599303	5595	1106	103	9	0.173376753	0.022623663	171	0.48009288	0.01292758	5447	0.002115407	5.33E-04	14.97975146	1.954684445	1.67	0.07
Hiperfire2	Rusa unicolor	7.3	1.448402026	0.536656067	2.091210207	0.501093804	587	32144	0.018261573	1294	339	31	20	0.176947887	0.021980286	158	0.410938726	0.005960006	7608	0.00209121	5.01E-04	15.28829748	1.899096753	1.21	0.03
Hiperfire2	Muntiacus muntjak	7.3	1.374724095	0.509357218	1.984833635	0.508413666	709	32144	0.022056994	1294	339	129	43	0.173213457	0.017168193	203	0.32769603	0.007022684	5456	0.001984834	5.08E-04	14.96564269	1.483331857	1.08	0.01
Browning	Elephas maximus	8.4	3.26428767	1.201120926	4.707086583	0.510208451	233	32144	0.007248631	581	581	5	5	0.309954549	0.039236546	135	0.330787652	0.004914778	6492	0.004707087	5.10E-04	26.78007308	3.390037568	1.49	0.11
Browning	Canis aureus	8.4	2.124229374	0.781627298	3.063128191	0.543812451	91	32144	0.00283101	581	581	2	2	0.307770175	0.083170755	63	0.40770733	0.02463658	979	0.003063128	5.44E-04	26.59134315	7.185953262	1.13	0.04
Hiperfire2	Macaca mulatta	7.1	1.320309357	0.489195689	1.906269359	0.489963068	1927	32144	0.05994898	4077	1377	414	149	0.292909729	0.037345279	175	0.381303675	0.004671368	18150	0.001906269	4.90E-04	25.30740062	3.226632145	1.8	0.05
Hiperfire2	Axis axis	7.1	1.358458995	0.503330739	1.961350002	0.497898896	23308	32144	0.725111996	4077	1377	3209	1544	0.085787425	0.008157255	312	0.406569211	0.002412088	273000	0.00196135	4.98E-04	7.412033545	0.704786827	2.14	0.02
Hiperfire2	Elephas maximus	7.1	2.038666285	0.755358396	2.943436744	0.496731834	233	32144	0.007248631	4077	1377	27	17	0.309954549	0.039236546	135	0.330787652	0.004914778	6492	0.002943437	4.97E-04	26.78007308	3.390037568	1.49	0.11
Hiperfire2	Panthera tigris	7.1	1.396183002	0.517308085	2.015816114	0.531527208	436	32144	0.013563962	4077	1377	58	20	0.391365283	0.08185127	188	0.6335	0.02745258	2926	0.002015816	5.32E-04	33.81396049	7.071949768	1.03	0.01
Hiperfire2	Rhinoceros unicornis	7.1	1.737298451	0.643696803	2.508320333	0.520543081	232	32144	0.007217521	4077	1377	46	12	0.235005299	0.031100322	228	0.32306239	0.008749996	2966	0.00250832	5.21E-04	20.30445779	2.68706785	1.15	0.02
Hiperfire2	Panthera tigris	7.08	1.391671573	0.515636529	2.00930249	0.519042286	436	32144	0.013563962	608	327	8	7	0.391365283	0.08185127	188	0.6335	0.02745258	2926	0.002009302	5.19E-04	33.81396049	7.071949768	1.03	0.01
Hiperfire2	Muntiacus muntjak	7.08	1.326642947	0.491542385	1.91541383	0.486159452	709	32144	0.022056994	608	327	44	9	0.173213457	0.017168193	203	0.32769603	0.007022684	5456	0.001915414	4.86E-04	14.96564269	1.483331857	1.08	0.01
Hiperfire2	Panthera tigris	7.8	1.563644432	0.579355218	2.257597778	0.509703118	436	32144	0.013563962	1731	452	41	22	0.391365283	0.08185127	188	0.6335	0.02745258	2926	0.002257598	5.10E-04	33.81396049	7.071949768	1.03	0.01
Hiperfire2	Muntiacus muntjak	7.8	1.490580032	0.552283692	2.152107026	0.534921687	709	32144	0.022056994	1731	452	34	20	0.173213457	0.017168193	203	0.32769603	0.007022684	5456	0.002152107	5.35E-04	14.96564269	1.483331857	1.08	0.01
Hiperfire2	Axis axis	7.35	1.414543838	0.524111068	2.042325582	0.517044522	23308	32144	0.725111996	2187	449	4083	1515	0.085787425	0.008157255	312	0.406569211	0.002412088	273000	0.002042326	5.17E-04	7.412033545	0.704786827	2.14	0.02
Hiperfire2	Axis axis	7.4	1.426035663	0.528368973	2.058917537	0.502202739	23308	32144	0.725111996	4107	1781	1922	922	0.085787425	0.008157255	312	0.406569211	0.002412088	273000	0.002058918	5.02E-04	7.412033545	0.704786827	2.14	0.02
Hiperfire2	Macaca mulatta	7.4	1.385988267	0.513530773	2.001096904	0.541385874	1927	32144	0.05994898	4107	1781	175	73	0.292909729	0.037345279	175	0.381303675	0.004671368	18150	0.002001097	5.41E-04	25.30740062	3.226632145	1.8	0.05
Hiperfire1	Semnopithecus schistaceus	7.2	1.232219976	0.728728548	1.993402947	0.526281721	1144	32144	0.035589846	608	392	56	2	0.151422949	0.03034331	127	0.219931391	0.003305612	13533	0.001993403	5.26E-04	13.0829428	2.621661977	1.66	0.06
Hiperfire2	Muntiacus muntjak	7.4	1.397151481	0.517666922	2.017214409	0.516644298	709	32144	0.022056994	4107	1781	30	6	0.173213457	0.017168193	203	0.32769603	0.007022684	5456	0.002017214	5.17E-04	14.96564269	1.483331857	1.08	0.01
Hiperfire2	Hystrix indica	7.4	1.394414615	0.51665287	2.013262908	0.508269463	117	32144	0.003639871	4107	1781	14	12	0.307255555	0.064327724	104	0.24988632	0.01686318	624	0.002013263	5.08E-04	26.54687991	5.55791535	1.25	0.04
Hiperfire1	Muntiacus muntjak	7.1	1.211520379	0.716486913	1.959916525	0.525493036	709	32144	0.022056994	4077	871	49	22	0.173213457	0.017168193	203	0.32769603	0.007022684	5456	0.001959917	5.25E-04	14.96564269	1.483331857	1.08	0.01
Hiperfire1	Axis axis	7.3	1.277242958	0.755354907	2.066238111	0.517225917	23308	32144	0.725111996	1294	496	566	197	0.085787425	0.008157255	312	0.406569211	0.002412088	273000	0.002066238	5.17E-04	7.412033545	0.704786827	2.14	0.02
Hiperfire2	Sus scrofa	7.7	1.513356382	0.560722693	2.184991636	0.531844981	630	32144	0.019599303	2048	325	20	6	0.173376753	0.022623663	171	0.48009288	0.01292758	5447	0.002184992	5.32E-04	14.97975146	1.954684445	1.67	0.07
Hiperfire2	Panthera tigris	7.7	1.538544464	0.570055279	2.221358316	0.523099094	436	32144	0.013563962	2048	325	118	59	0.391365283	0.08185127	188	0.6335	0.02745258	2926	0.002221358	5.23E-04	33.81396049	7.071949768	1.03	0.01
Hiperfire2	Rusa unicolor	7.55	1.508200224	0.558812254	2.177547149	0.533998891	587	32144	0.018261573	494	283	33	26	0.176947887	0.021980286	158	0.410938726	0.005960006	7608	0.002177547	5.34E-04	15.28829748	1.899096753	1.21	0.03
Hiperfire2	Hystrix indica	7.55	1.428676339	0.529347385	2.06273016	0.504565614	117	32144	0.003639871	494	283	9	3	0.307255555	0.064327724	104	0.24988632	0.01686318	624	0.00206273	5.05E-04	26.54687991	5.55791535	1.25	0.04
Hiperfire1	Panthera tigris	7.5	1.355892415	0.801867791	2.193471935	0.536491143	436	32144	0.013563962	5595	585	67	8	0.391365283	0.08185127	188	0.6335	0.02745258	2926	0.002193472	5.36E-04	33.81396049	7.071949768	1.03	0.01
Hiperfire2	Rhinoceros unicornis	7.5	1.853472881	0.686741284	2.676053565	0.523189371	232	32144	0.007217521	5595	1106	36	14	0.235005299	0.031100322	228	0.32306239	0.008749996	2966	0.002676054	5.23E-04	20.30445779	2.68706785	1.15	0.02
Hiperfire1	Axis axis	7.1	1.236566893	0.731299292	2.000435099	0.526265941	23308	32144	0.725111996	4077	871	3209	166	0.085787425	0.008157255	312	0.406569211	0.002412088	273000	0.002000435	5.26E-04	7.412033545	0.704786827	2.14	0.02
Hiperfire2	Semnopithecus schistaceus	7.1	1.331953959	0.4935102	1.923081895	0.535313457	1144	32144	0.035589846	4077	1377	194	67	0.151422949	0.03034331	127	0.219931391	0.003305612	13533	0.001923082	5.35E-04	13.0829428	2.621661977	1.66	0.06
Hiperfire2	Elephas maximus	7.5	2.174993405	0.805869769	3.140266532	0.516509634	233	32144	0.007248631	5595	1106	34	8	0.309954549	0.039236546	135	0.330787652	0.004914778	6492	0.003140267	5.17E-04	26.78007308	3.390037568	1.49	0.11
Browning	Axis porcinus	7.6	1.888400913	0.694852317	2.723064723	0.532165467	246	32144	0.007653061	740	740	4	4	0.092323681	0.010836314	193	0.5685436	0.01427842	2643	0.002723065	5.32E-04	7.976766064	0.936257514	1.11	0.03
Browning	Muntiacus muntjak	7.6	1.872312424	0.688932429	2.699865203	0.496513852	709	32144	0.022056994	740	740	7	7	0.173213457	0.017168193	203	0.32769603	0.007022684	5456	0.002699865	4.97E-04	14.96564269	1.483331857	1.08	0.01
Hiperfire2	Rusa unicolor	8.2	1.675485532	0.62079413	2.419074526	0.491074585	587	32144	0.018261573	444	320	6	5	0.176947887	0.021980286	158	0.410938726	0.005960006	7608	0.002419075	4.91E-04	15.28829748	1.899096753	1.21	0.03
Hiperfire2	Muntiacus muntjak	8.2	1.590256219	0.58921531	2.296020012	0.542985563	709	32144	0.022056994	444	320	9	5	0.173213457	0.017168193	203	0.32769603	0.007022684	5456	0.00229602	5.43E-04	14.96564269	1.483331857	1.08	0.01
Hiperfire2	Axis axis	7.08	1.354069462	0.501704347	1.955012371	0.495158242	23308	32144	0.725111996	608	327	961	424	0.085787425	0.008157255	312	0.406569211	0.002412088	273000	0.001955012	4.95E-04	7.412033545	0.704786827	2.14	0.02
Hiperfire2	Axis porcinus	7.08	1.338042583	0.495766132	1.931872682	0.50799482	246	32144	0.007653061	608	327	9	2	0.092323681	0.010836314	193	0.5685436	0.01427842	2643	0.001931873	5.08E-04	7.976766064	0.936257514	1.11	0.03
Hiperfire2	Rusa unicolor	7.8	1.570467229	0.581883173	2.267448567	0.510637227	587	32144	0.018261573	1731	452	26	8	0.176947887	0.021980286	158	0.410938726	0.005960006	7608	0.002267449	5.11E-04	15.28829748	1.899096753	1.21	0.03
Hiperfire2	Rusa unicolor	7.4	1.472031402	0.545411128	2.12532642	0.501370369	587	32144	0.018261573	4107	1781	78	61	0.176947887	0.021980286	158	0.410938726	0.005960006	7608	0.002125326	5.01E-04	15.28829748	1.899096753	1.21	0.03
Hiperfire2	Sus scrofa	7.4	1.441641779	0.534151288	2.081449728	0.52442282	630	32144	0.019599303	4107	1781	55	34	0.173376753	0.022623663	171	0.48009288	0.01292758	5447	0.00208145	5.24E-04	14.97975146	1.954684445	1.67	0.07
Hiperfire2	Semnopithecus schistaceus	7.4	1.398212131	0.51805991	2.018745781	0.518098319	1144	32144	0.035589846	4107	1781	134	89	0.151422949	0.03034331	127	0.219931391	0.003305612	13533	0.002018746	5.18E-04	13.0829428	2.621661977	1.66	0.06
Hiperfire1	Axis axis	7.25	1.266950191	0.749267818	2.049587162	0.526307262	23308	32144	0.725111996	1516	517	1564	358	0.085787425	0.008157255	312	0.406569211	0.002412088	273000	0.002049587	5.26E-04	7.412033545	0.704786827	2.14	0.02
Hiperfire1	Semnopithecus schistaceus	7.25	1.242230593	0.734648775	2.009597452	0.523465371	1144	32144	0.035589846	1516	517	11	5	0.151422949	0.03034331	127	0.219931391	0.003305612	13533	0.002009597	5.23E-04	13.0829428	2.621661977	1.66	0.06
Hiperfire2	Rusa unicolor	7.1	1.402275099	0.519565304	2.024611914	0.493343623	587	32144	0.018261573	4077	1377	55	20	0.176947887	0.021980286	158	0.410938726	0.005960006	7608	0.002024612	4.93E-04	15.28829748	1.899096753	1.21	0.03
Browning	Hystrix indica	7.8	1.930112625	0.710200478	2.783212805	0.557282624	117	32144	0.003639871	1731	1279	5	4	0.307255555	0.064327724	104	0.24988632	0.01686318	624	0.002783213	5.57E-04	26.54687991	5.55791535	1.25	0.04
Hiperfire1	Hystrix indica	7.3	1.248921253	0.738605597	2.020421154	0.516222812	117	32144	0.003639871	1294	496	8	1	0.307255555	0.064327724	104	0.24988632	0.01686318	624	0.002020421	5.16E-04	26.54687991	5.55791535	1.25	0.04
Hiperfire1	Axis porcinus	7.3	1.262125403	0.746414464	2.041781944	0.519094959	246	32144	0.007653061	1294	496	3	1	0.092323681	0.010836314	193	0.5685436	0.01427842	2643	0.002041782	5.19E-04	7.976766064	0.936257514	1.11	0.03
Hiperfire1	Rusa unicolor	7.3	1.318439497	0.779718329	2.132883113	0.544281442	587	32144	0.018261573	1294	496	31	2	0.176947887	0.021980286	158	0.410938726	0.005960006	7608	0.002132883	5.44E-04	15.28829748	1.899096753	1.21	0.03
Hiperfire1	Panthera tigris	7.4	1.334127328	0.788996031	2.158261835	0.538211146	436	32144	0.013563962	4107	828	3	1	0.391365283	0.08185127	188	0.6335	0.02745258	2926	0.002158262	5.38E-04	33.81396049	7.071949768	1.03	0.01
Hiperfire1	Axis porcinus	7.4	1.282715844	0.758591544	2.075091779	0.498761447	246	32144	0.007653061	4107	828	4	3	0.092323681	0.010836314	193	0.5685436	0.01427842	2643	0.002075092	4.99E-04	7.976766064	0.936257514	1.11	0.03
Hiperfire1	Sus scrofa	7.1	1.250099519	0.739302418	2.022327274	0.521123903	630	32144	0.019599303	4077	871	31	4	0.173376753	0.022623663	171	0.48009288	0.01292758	5447	0.002022327	5.21E-04	14.97975146	1.954684445	1.67	0.07
Hiperfire2	Semnopithecus schistaceus	7.55	1.432567163	0.530788998	2.068347751	0.523938147	1144	32144	0.035589846	494	283	53	16	0.151422949	0.03034331	127	0.219931391	0.003305612	13533	0.002068348	5.24E-04	13.0829428	2.621661977	1.66	0.06
Hiperfire1	Rusa unicolor	7.5	1.361808707	0.805366656	2.203042917	0.489088241	587	32144	0.018261573	5595	585	121	16	0.176947887	0.021980286	158	0.410938726	0.005960006	7608	0.002203043	4.89E-04	15.28829748	1.899096753	1.21	0.03
Hiperfire2	Sus scrofa	7.1	1.373325573	0.508839043	1.982814441	0.507513051	630	32144	0.019599303	4077	1377	31	14	0.173376753	0.022623663	171	0.48009288	0.01292758	5447	0.001982814	5.08E-04	14.97975146	1.954684445	1.67	0.07
Hiperfire1	Macaca mulatta	7.45	1.271875525	0.752180635	2.057555038	0.5487634	1927	32144	0.05994898	541	350	15	3	0.292909729	0.037345279	175	0.381303675	0.004671368	18150	0.002057555	5.49E-04	25.30740062	3.226632145	1.8	0.05
Hiperfire2	Elephas maximus	7.8	2.283188652	0.845957835	3.296479379	0.488100489	233	32144	0.007248631	1731	452	14	8	0.309954549	0.039236546	135	0.330787652	0.004914778	6492	0.003296479	4.88E-04	26.78007308	3.390037568	1.49	0.11
Hiperfire2	Rusa unicolor	7.35	1.460168917	0.541015888	2.108199303	0.513733788	587	32144	0.018261573	2187	449	69	57	0.176947887	0.021980286	158	0.410938726	0.005960006	7608	0.002108199	5.14E-04	15.28829748	1.899096753	1.21	0.03
Hiperfire2	Semnopithecus schistaceus	7.35	1.386944524	0.513885082	2.002477553	0.503244492	1144	32144	0.035589846	2187	449	137	67	0.151422949	0.03034331	127	0.219931391	0.003305612	13533	0.002002478	5.03E-04	13.0829428	2.621661977	1.66	0.06
Hiperfire2	Sus scrofa	7.35	1.430024191	0.529846786	2.064676195	0.552126653	630	32144	0.019599303	2187	449	60	13	0.173376753	0.022623663	171	0.48009288	0.01292758	5447	0.002064676	5.52E-04	14.97975146	1.954684445	1.67	0.07
Hiperfire2	Axis porcinus	7.35	1.397801179	0.517907646	2.018152446	0.55077429	246	32144	0.007653061	2187	449	50	6	0.092323681	0.010836314	193	0.5685436	0.01427842	2643	0.002018152	5.51E-04	7.976766064	0.936257514	1.11	0.03
Hiperfire1	Muntiacus muntjak	8.1	1.424328725	0.842340673	2.304183614	0.486452025	709	32144	0.022056994	1780	655	44	7	0.173213457	0.017168193	203	0.32769603	0.007022684	5456	0.002304184	4.86E-04	14.96564269	1.483331857	1.08	0.01
Hiperfire1	Rusa unicolor	8.1	1.500665202	0.887485672	2.427675654	0.500264339	587	32144	0.018261573	1780	655	1	1	0.176947887	0.021980286	158	0.410938726	0.005960006	7608	0.002427676	5.00E-04	15.28829748	1.899096753	1.21	0.03
Hiperfire1	Rhinoceros unicornis	7.1	1.58141376	0.935239954	2.558305263	0.502468676	232	32144	0.007217521	4077	871	46	1	0.235005299	0.031100322	228	0.32306239	0.008749996	2966	0.002558305	5.02E-04	20.30445779	2.68706785	1.15	0.02
Hiperfire2	Hystrix indica	7.1	1.328336399	0.492169836	1.917858844	0.511766493	117	32144	0.003639871	4077	1377	13	10	0.307255555	0.064327724	104	0.24988632	0.01686318	624	0.001917859	5.12E-04	26.54687991	5.55791535	1.25	0.04
Browning	Axis porcinus	7.8	1.950518633	0.717709033	2.812638167	0.532165093	246	32144	0.007653061	1731	1279	3	3	0.092323681	0.010836314	193	0.5685436	0.01427842	2643	0.002812638	5.32E-04	7.976766064	0.936257514	1.11	0.03
Hiperfire2	Elephas maximus	7.55	2.19266316	0.812416696	3.165778215	0.518293071	233	32144	0.007248631	494	283	1	1	0.309954549	0.039236546	135	0.330787652	0.004914778	6492	0.003165778	5.18E-04	26.78007308	3.390037568	1.49	0.11
Hiperfire2	Axis porcinus	7.55	1.44378094	0.534943881	2.084538259	0.526929039	246	32144	0.007653061	494	283	7	3	0.092323681	0.010836314	193	0.5685436	0.01427842	2643	0.002084538	5.27E-04	7.976766064	0.936257514	1.11	0.03
Hiperfire2	Axis porcinus	7.1	1.342380161	0.497373274	1.938135299	0.501344536	246	32144	0.007653061	4077	1377	15	11	0.092323681	0.010836314	193	0.5685436	0.01427842	2643	0.001938135	5.01E-04	7.976766064	0.936257514	1.11	0.03
Hiperfire2	Canis aureus	7.4	1.392653192	0.516000234	2.010719757	0.527129421	91	32144	0.00283101	4107	1781	1	1	0.307770175	0.083170755	63	0.40770733	0.02463658	979	0.00201072	5.27E-04	26.59134315	7.185953262	1.13	0.04
Hiperfire1	Rusa unicolor	6.5	1.158341451	0.685037168	1.873887216	0.50795188	587	32144	0.018261573	555	416	4	3	0.176947887	0.021980286	158	0.410938726	0.005960006	7608	0.001873887	5.08E-04	15.28829748	1.899096753	1.21	0.03
Browning	Axis porcinus	8.4	2.149402793	0.79089006	3.099428136	0.513438721	246	32144	0.007653061	581	581	1	1	0.092323681	0.010836314	193	0.5685436	0.01427842	2643	0.003099428	5.13E-04	7.976766064	0.936257514	1.11	0.03
Hiperfire2	Rusa unicolor	7.5	1.49604627	0.55430902	2.159999208	0.507028189	587	32144	0.018261573	5595	1106	121	6	0.176947887	0.021980286	158	0.410938726	0.005960006	7608	0.002159999	5.07E-04	15.28829748	1.899096753	1.21	0.03
Hiperfire2	Macaca mulatta	7.5	1.408599418	0.521908566	2.033742999	0.539672844	1927	32144	0.05994898	5595	1106	314	18	0.292909729	0.037345279	175	0.381303675	0.004671368	18150	0.002033743	5.40E-04	25.30740062	3.226632145	1.8	0.05
Hiperfire2	Muntiacus muntjak	7.5	1.41994475	0.526112192	2.050123447	0.493229318	709	32144	0.022056994	5595	1106	99	20	0.173213457	0.017168193	203	0.32769603	0.007022684	5456	0.002050123	0.000493229	14.96564269	1.483331857	1.08	0.01
Hiperfire2	Axis axis	8.2	1.623132575	0.601396524	2.343487062	0.557310343	23308	32144	0.725111996	444	320	120	51	0.085787425	0.008157255	312	0.406569211	0.002412088	273000	0.002343487	5.57E-04	7.412033545	0.704786827	2.14	0.02
Hiperfire2	Sus scrofa	7.08	1.368888002	0.507194852	1.976407454	0.515231479	630	32144	0.019599303	608	327	49	7	0.173376753	0.022623663	171	0.48009288	0.01292758	5447	0.001976407	5.15E-04	14.97975146	1.954684445	1.67	0.07
Hiperfire2	Semnopithecus schistaceus	7.08	1.32765007	0.49191554	1.916867919	0.512725075	1144	32144	0.035589846	608	327	27	4	0.151422949	0.03034331	127	0.219931391	0.003305612	13533	0.001916868	5.13E-04	13.0829428	2.621661977	1.66	0.06
Hiperfire2	Panthera tigris	7.35	1.453825304	0.538665478	2.099040363	0.515170755	436	32144	0.013563962	2187	449	31	14	0.391365283	0.08185127	188	0.6335	0.02745258	2926	0.00209904	5.15E-04	33.81396049	7.071949768	1.03	0.01
Hiperfire2	Muntiacus muntjak	7.35	1.385892422	0.513495261	2.000958522	0.523636864	709	32144	0.022056994	2187	449	78	19	0.173213457	0.017168193	203	0.32769603	0.007022684	5456	0.002000959	5.24E-04	14.96564269	1.483331857	1.08	0.01
Hiperfire1	Hystrix indica	7.25	1.238856719	0.732653484	2.004139426	0.514417819	117	32144	0.003639871	1516	517	3	2	0.307255555	0.064327724	104	0.24988632	0.01686318	624	0.002004139	5.14E-04	26.54687991	5.55791535	1.25	0.04
Hiperfire1	Elephas maximus	7.1	1.855740397	1.097475314	3.002092522	0.5041899	233	32144	0.007248631	4077	871	27	2	0.309954549	0.039236546	135	0.330787652	0.004914778	6492	0.003002093	5.04E-04	26.78007308	3.390037568	1.49	0.11
Hiperfire1	Elephas maximus	7.7	2.044960517	1.209379118	3.308200159	0.542030865	233	32144	0.007248631	2048	476	26	3	0.309954549	0.039236546	135	0.330787652	0.004914778	6492	0.0033082	5.42E-04	26.78007308	3.390037568	1.49	0.11
Hiperfire1	Sus scrofa	7.4	1.312285835	0.776079084	2.12292813	0.537874938	630	32144	0.019599303	4107	828	55	8	0.173376753	0.022623663	171	0.48009288	0.01292758	5447	0.002122928	5.38E-04	14.97975146	1.954684445	1.67	0.07
Hiperfire2	Axis axis	7.7	1.496973938	0.554652736	2.161338579	0.495469067	23308	32144	0.725111996	2048	325	1099	229	0.085787425	0.008157255	312	0.406569211	0.002412088	273000	0.002161339	4.95E-04	7.412033545	0.704786827	2.14	0.02
Hiperfire2	Elephas maximus	7.7	2.246538399	0.832378332	3.243563559	0.513994909	233	32144	0.007248631	2048	325	26	7	0.309954549	0.039236546	135	0.330787652	0.004914778	6492	0.003243564	5.14E-04	26.78007308	3.390037568	1.49	0.11
Hiperfire2	Semnopithecus schistaceus	7.7	1.467766322	0.543830848	2.119168475	0.498344446	1144	32144	0.035589846	2048	325	115	13	0.151422949	0.03034331	127	0.219931391	0.003305612	13533	0.002119168	4.98E-04	13.0829428	2.621661977	1.66	0.06
Hiperfire1	Semnopithecus schistaceus	7.45	1.28309296	0.758814569	2.075701854	0.515620546	1144	32144	0.035589846	541	350	45	14	0.151422949	0.03034331	127	0.219931391	0.003305612	13533	0.002075702	5.16E-04	13.0829428	2.621661977	1.66	0.06
Hiperfire2	Panthera tigris	7.4	1.465636254	0.543041624	2.116093072	0.500572767	436	32144	0.013563962	4107	1781	3	1	0.391365283	0.08185127	188	0.6335	0.02745258	2926	0.002116093	5.01E-04	33.81396049	7.071949768	1.03	0.01
Hiperfire1	Axis porcinus	7.25	1.251954463	0.740399422	2.025328078	0.518714458	246	32144	0.007653061	1516	517	2	2	0.092323681	0.010836314	193	0.5685436	0.01427842	2643	0.002025328	5.19E-04	7.976766064	0.936257514	1.11	0.03
Hiperfire1	Macaca mulatta	7.4	1.261626013	0.746119126	2.040974063	0.536388795	1927	32144	0.05994898	4107	828	175	6	0.292909729	0.037345279	175	0.381303675	0.004671368	18150	0.002040974	5.36E-04	25.30740062	3.226632145	1.8	0.05
Hiperfire1	Axis porcinus	7.1	1.221930784	0.722643573	1.976757782	0.520181371	246	32144	0.007653061	4077	871	15	1	0.092323681	0.010836314	193	0.5685436	0.01427842	2643	0.001976758	5.20E-04	7.976766064	0.936257514	1.11	0.03
Hiperfire1	Macaca mulatta	7.5	1.282208306	0.758291389	2.074270718	0.525671257	1927	32144	0.05994898	5595	585	314	12	0.292909729	0.037345279	175	0.381303675	0.004671368	18150	0.002074271	5.26E-04	25.30740062	3.226632145	1.8	0.05
Hiperfire2	Axis porcinus	7.4	1.409156985	0.522115153	2.034548018	0.545368515	246	32144	0.007653061	4107	1781	4	1	0.092323681	0.010836314	193	0.5685436	0.01427842	2643	0.002034548	5.45E-04	7.976766064	0.936257514	1.11	0.03
Hiperfire2	Rusa unicolor	7.7	1.545257739	0.572542655	2.231050978	0.508657148	587	32144	0.018261573	2048	325	23	8	0.176947887	0.021980286	158	0.410938726	0.005960006	7608	0.002231051	5.09E-04	15.28829748	1.899096753	1.21	0.03
Hiperfire2	Macaca mulatta	7.7	1.45493438	0.539076409	2.100641653	0.518495339	1927	32144	0.05994898	2048	325	101	8	0.292909729	0.037345279	175	0.381303675	0.004671368	18150	0.002100642	5.18E-04	25.30740062	3.226632145	1.8	0.05
Hiperfire2	Semnopithecus schistaceus	7.8	1.491711608	0.552702959	2.153740802	0.544203426	1144	32144	0.035589846	1731	452	78	9	0.151422949	0.03034331	127	0.219931391	0.003305612	13533	0.002153741	5.44E-04	13.0829428	2.621661977	1.66	0.06
Hiperfire2	Macaca mulatta	7.35	1.374819167	0.509392444	1.984970901	0.51314388	1927	32144	0.05994898	2187	449	115	28	0.292909729	0.037345279	175	0.381303675	0.004671368	18150	0.001984971	5.13E-04	25.30740062	3.226632145	1.8	0.05
Hiperfire1	Axis porcinus	7.2	1.241865486	0.734432853	2.009006806	0.521175243	246	32144	0.007653061	608	392	2	2	0.092323681	0.010836314	193	0.5685436	0.01427842	2643	0.002009007	5.21E-04	7.976766064	0.936257514	1.11	0.03
Hiperfire1	Panthera tigris	7.3	1.312711619	0.776330891	2.123616936	0.498665891	436	32144	0.013563962	1294	496	11	1	0.391365283	0.08185127	188	0.6335	0.02745258	2926	0.002123617	4.99E-04	33.81396049	7.071949768	1.03	0.01
Browning	Rusa unicolor	7.4	1.909835653	0.702739403	2.753973512	0.524907909	587	32144	0.018261573	4107	1498	78	3	0.176947887	0.021980286	158	0.410938726	0.005960006	7608	0.002753974	5.25E-04	15.28829748	1.899096753	1.21	0.03
Hiperfire1	Rusa unicolor	7.1	1.276451456	0.754886817	2.064957673	0.519245179	587	32144	0.018261573	4077	871	55	1	0.176947887	0.021980286	158	0.410938726	0.005960006	7608	0.002064958	5.19E-04	15.28829748	1.899096753	1.21	0.03
Hiperfire2	Rusa unicolor	7.45	1.483990259	0.549842075	2.142592678	0.529400301	587	32144	0.018261573	541	122	46	7	0.176947887	0.021980286	158	0.410938726	0.005960006	7608	0.002142593	5.29E-04	15.28829748	1.899096753	1.21	0.03
Hiperfire1	Panthera tigris	6.5	1.153309109	0.682061067	1.865746231	0.499569296	436	32144	0.013563962	555	416	4	4	0.391365283	0.08185127	188	0.6335	0.02745258	2926	0.001865746	5.00E-04	33.81396049	7.071949768	1.03	0.01
Hiperfire2	Muntiacus muntjak	7.1	1.330943571	0.493135835	1.921623092	0.524123454	709	32144	0.022056994	4077	1377	49	11	0.173213457	0.017168193	203	0.32769603	0.007022684	5456	0.001921623	5.24E-04	14.96564269	1.483331857	1.08	0.01
Hiperfire2	Elephas maximus	7.35	2.122833918	0.786543847	3.0649584	0.519364886	233	32144	0.007248631	2187	449	43	2	0.309954549	0.039236546	135	0.330787652	0.004914778	6492	0.003064958	5.19E-04	26.78007308	3.390037568	1.49	0.11
Hiperfire2	Axis porcinus	4.5	0.881350797	0.326554537	1.27249876	0.524162944	246	32144	0.007653061	320	49	8	3	0.092323681	0.010836314	193	0.5685436	0.01427842	2643	0.001272499	5.24E-04	7.976766064	0.936257514	1.11	0.03
Hiperfire2	Sus scrofa	4.5	0.901668263	0.334082482	1.30183322	0.502991518	630	32144	0.019599303	320	49	1	1	0.173376753	0.022623663	171	0.48009288	0.01292758	5447	0.001301833	5.03E-04	14.97975146	1.954684445	1.67	0.07
Hiperfire2	Axis axis	4.5	0.891907488	0.330465959	1.287740565	0.533723877	23308	32144	0.725111996	320	49	58	1	0.085787425	0.008157255	312	0.406569211	0.002412088	273000	0.001287741	5.34E-04	7.412033545	0.704786827	2.14	0.02
Hiperfire2	Axis axis	7.5	1.449300151	0.536988837	2.092506924	0.541358839	23308	32144	0.725111996	5595	1106	2339	347	0.085787425	0.008157255	312	0.406569211	0.002412088	273000	0.002092507	5.41E-04	7.412033545	0.704786827	2.14	0.02
Hiperfire2	Semnopithecus schistaceus	7.5	1.421022703	0.526511591	2.051679801	0.522489137	1144	32144	0.035589846	5595	1106	59	4	0.151422949	0.03034331	127	0.219931391	0.003305612	13533	0.00205168	5.22E-04	13.0829428	2.621661977	1.66	0.06
Hiperfire2	Hystrix indica	7.8	1.48766015	0.551201829	2.147891285	0.536059867	117	32144	0.003639871	1731	452	5	1	0.307255555	0.064327724	104	0.24988632	0.01686318	624	0.002147891	5.36E-04	26.54687991	5.55791535	1.25	0.04
Hiperfire2	Hystrix indica	7.25	1.360974536	0.504262787	1.964981952	0.521849335	117	32144	0.003639871	1516	48	3	1	0.307255555	0.064327724	104	0.24988632	0.01686318	624	0.001964982	5.22E-04	26.54687991	5.55791535	1.25	0.04
Hiperfire2	Muntiacus muntjak	7.25	1.363645768	0.505252521	1.968838691	0.547132087	709	32144	0.022056994	1516	48	43	4	0.173213457	0.017168193	203	0.32769603	0.007022684	5456	0.001968839	5.47E-04	14.96564269	1.483331857	1.08	0.01
Hiperfire2	Axis axis	7.45	1.437620848	0.532661468	2.075644286	0.482894197	23308	32144	0.725111996	541	122	439	70	0.085787425	0.008157255	312	0.406569211	0.002412088	273000	0.002075644	4.83E-04	7.412033545	0.704786827	2.14	0.02
