camera_type,scientificName,cameraheight,major_axis_mod,minor_axis,profile,profile_se,contact_species,sum_effortday_all,species_traprate,effort_cameraheight,effort_cameraheight_cameratype,contact_species_cameraheight,contact_species_camereaheight_cameratype,hmean_speed,hmean_speed_se,groupsize_speed,activity_level,al_se,groupsize_al,profile_km,profile_se_km,hspeed_kmd,hspeed_se_kmd,group_size,group_size_se
Browning,Rhinoceros unicornis,4.5,1.47988044198633,0.544533921666428,2.57756442273256,0.637823754511595,232,32144,0.007217521154803385,320,271,2,2,0.235005298529231,0.0311003223333369,228,0.32306239,0.008749996,2966,0.00257756442273256,6.378237545115951e-4,20.30445779292556,2.687067849600308,1.15,0.02
Browning,Panthera tigris,4.5,1.18930855985483,0.437615658532491,2.07146425113808,0.624380957468394,436,32144,0.013563962170233947,320,271,4,4,0.391365283423442,0.0818512704591667,188,0.6335,0.02745258,2926,0.00207146425113808,6.24380957468394e-4,33.813960487785394,7.0719497676720025,1.03,0.01
Browning,Panthera tigris,7.5,1.93256038120003,0.711101149373621,3.36601440362147,0.627529641490301,436,32144,0.013563962170233947,5595,3904,67,44,0.391365283423442,0.0818512704591667,188,0.6335,0.02745258,2926,0.0033660144036214697,6.27529641490301e-4,33.813960487785394,7.0719497676720025,1.03,0.01
Browning,Axis porcinus,7.5,1.85808788093813,0.683698393398625,3.23630279875061,0.583916619500352,246,32144,0.007653061224489796,5595,3904,85,78,0.0923236812995088,0.0108363138147693,193,0.5685436,0.01427842,2643,0.00323630279875061,5.83916619500352e-4,7.976766064277561,0.9362575135960677,1.11,0.03
Browning,Sus scrofa,8.1,2.09474874123221,0.77077966206376,3.64850407963824,0.636788846245801,630,32144,0.0195993031358885,1780,1125,50,49,0.173376753031161,0.0226236625590061,171,0.48009288,0.01292758,5447,0.00364850407963824,6.36788846245801e-4,14.979751461892313,1.9546844450981273,1.67,0.07
Browning,Rhinoceros unicornis,7.35,2.34705480943248,0.863617710921898,4.08795521810971,0.596810469240774,232,32144,0.007217521154803385,2187,1738,101,101,0.235005298529231,0.0311003223333369,228,0.32306239,0.008749996,2966,0.00408795521810971,5.96810469240774e-4,20.30445779292556,2.687067849600308,1.15,0.02
Browning,Panthera tigris,7.35,1.88621478878378,0.694047915562042,3.2852925109784,0.638758978952394,436,32144,0.013563962170233947,2187,1738,31,17,0.391365283423442,0.0818512704591667,188,0.6335,0.02745258,2926,0.0032852925109784,6.38758978952394e-4,33.813960487785394,7.0719497676720025,1.03,0.01
Browning,Hystrix indica,7.35,1.79455540999065,0.660321109277109,3.12564586177352,0.63192568498632,117,32144,0.003639870582379293,2187,1738,20,20,0.307255554546782,0.0643277239544729,104,0.24988632,0.01686318,624,0.00312564586177352,6.319256849863199e-4,26.546879912841966,5.55791534966646,1.25,0.04
Browning,Elephas maximus,7.35,2.75419661390224,1.01342881536807,4.79708968629675,0.611099704977232,233,32144,0.0072486311597809855,2187,1738,43,41,0.309954549479341,0.0392365459256358,135,0.330787652,0.004914778,6492,0.0047970896862967495,6.11099704977232e-4,26.78007307501506,3.3900375679749337,1.49,0.11
Browning,Axis porcinus,7.35,1.81352824676511,0.667302317299609,3.15869157795484,0.581550842053343,246,32144,0.007653061224489796,2187,1738,50,44,0.0923236812995088,0.0108363138147693,193,0.5685436,0.01427842,2643,0.00315869157795484,5.81550842053343e-4,7.976766064277561,0.9362575135960677,1.11,0.03
Browning,Rhinoceros unicornis,7.1,2.25399710688848,0.829376380156326,3.9258730548934,0.594214507625995,232,32144,0.007217521154803385,4077,1829,46,34,0.235005298529231,0.0311003223333369,228,0.32306239,0.008749996,2966,0.0039258730548934005,5.942145076259951e-4,20.30445779292556,2.687067849600308,1.15,0.02
Browning,Hystrix indica,7.1,1.72340359757003,0.634140227124854,3.00171802604771,0.628961138650706,117,32144,0.003639870582379293,4077,1829,13,7,0.307255554546782,0.0643277239544729,104,0.24988632,0.01686318,624,0.00300171802604771,6.28961138650706e-4,26.546879912841966,5.55791534966646,1.25,0.04
Browning,Panthera tigris,7.1,1.81142879995927,0.666529808946852,3.1550348910762,0.63438795597486,436,32144,0.013563962170233947,4077,1829,58,38,0.391365283423442,0.0818512704591667,188,0.6335,0.02745258,2926,0.0031550348910762,6.3438795597486e-4,33.813960487785394,7.0719497676720025,1.03,0.01
Browning,Sus scrofa,7.1,1.78177322739311,0.655617802293776,3.1033826449801,0.623688715895954,630,32144,0.0195993031358885,4077,1829,31,16,0.173376753031161,0.0226236625590061,171,0.48009288,0.01292758,5447,0.0031033826449800997,6.23688715895954e-4,14.979751461892313,1.9546844450981273,1.67,0.07
Browning,Elephas maximus,7.15,2.66648434454719,0.98115437977511,4.64431786871447,0.618119867543321,233,32144,0.0072486311597809855,843,843,2,2,0.309954549479341,0.0392365459256358,135,0.330787652,0.004914778,6492,0.00464431786871447,6.18119867543321e-4,26.78007307501506,3.3900375679749337,1.49,0.11
Browning,Axis porcinus,7.15,1.75577322765706,0.646050893090897,3.05809745003506,0.616620370395297,246,32144,0.007653061224489796,843,843,5,5,0.0923236812995088,0.0108363138147693,193,0.5685436,0.01427842,2643,0.00305809745003506,6.16620370395297e-4,7.976766064277561,0.9362575135960677,1.11,0.03
Browning,Macaca mulatta,7.15,1.72690560211126,0.635428817886937,3.00781760143071,0.632314254441971,1927,32144,0.05994897959183673,843,843,22,22,0.292909729355131,0.0373452794577637,175,0.381303675,0.004671368,18150,0.00300781760143071,6.32314254441971e-4,25.30740061628332,3.226632145150784,1.8,0.05
Browning,Rusa unicolor,7.15,1.83411312772723,0.674876689957912,3.19454505321458,0.594250506009547,587,32144,0.018261572921851668,843,843,31,31,0.176947887479306,0.0219802864935112,158,0.410938726,0.005960006,7608,0.00319454505321458,5.94250506009547e-4,15.28829747821204,1.8990967530393676,1.21,0.03
Browning,Muntiacus muntjak,7.15,1.74081467905928,0.640546774718029,3.03204357325729,0.611747838238115,709,32144,0.022056993529118964,843,843,17,17,0.173213457090348,0.017168192789103,203,0.32769603,0.007022684,5456,0.00303204357325729,6.117478382381149e-4,14.965642692606067,1.4833318569784992,1.08,0.01
Browning,Axis axis,7.15,1.77680362372222,0.653789196617761,3.09472689600623,0.614874028521148,23308,32144,0.7251119960179193,843,843,527,527,0.0857874252848385,0.00815725494581298,312,0.406569211,0.002412088,273000,0.00309472689600623,6.148740285211481e-4,7.412033544610047,0.7047868273182415,2.14,0.02
Browning,Semnopithecus schistaceus,7.15,1.74213622124652,0.641033046804238,3.03434535387978,0.640742009939233,1144,32144,0.03558984569437531,843,843,13,13,0.151422949066886,0.0303433099240522,127,0.219931391,0.003305612,13533,0.00303434535387978,6.407420099392331e-4,13.082942799378952,2.6216619774381105,1.66,0.06
Browning,Panthera tigris,7.15,1.826144938004,0.671944730405323,3.1806665521131,0.612481362849115,436,32144,0.013563962170233947,843,843,5,5,0.391365283423442,0.0818512704591667,188,0.6335,0.02745258,2926,0.0031806665521131,6.12481362849115e-4,33.813960487785394,7.0719497676720025,1.03,0.01
Browning,Hystrix indica,7.15,1.73740461447404,0.639292014002868,3.02610413321553,0.600696474680228,117,32144,0.003639870582379293,843,843,1,1,0.307255554546782,0.0643277239544729,104,0.24988632,0.01686318,624,0.0030261041332155297,6.00696474680228e-4,26.546879912841966,5.55791534966646,1.25,0.04
Browning,Sus scrofa,7.15,1.79624844208514,0.660944074065185,3.12859468058989,0.64998516018518,630,32144,0.0195993031358885,843,843,15,15,0.173376753031161,0.0226236625590061,171,0.48009288,0.01292758,5447,0.0031285946805898897,6.499851601851801e-4,14.979751461892313,1.9546844450981273,1.67,0.07
Browning,Axis axis,7.6,1.91101990374829,0.70317515729441,3.32849652937092,0.634795973296972,23308,32144,0.7251119960179193,740,740,1840,1840,0.0857874252848385,0.00815725494581298,312,0.406569211,0.002412088,273000,0.0033284965293709197,6.34795973296972e-4,7.412033544610047,0.7047868273182415,2.14,0.02
Browning,Elephas maximus,7.6,2.86790537087488,1.05526886785165,4.99514058163288,0.614294169278438,233,32144,0.0072486311597809855,740,740,38,38,0.309954549479341,0.0392365459256358,135,0.330787652,0.004914778,6492,0.004995140581632879,6.142941692784381e-4,26.78007307501506,3.3900375679749337,1.49,0.11
Browning,Rhinoceros unicornis,7.6,2.44395445834647,0.899272716781974,4.25672904640676,0.596013300537608,232,32144,0.007217521154803385,740,740,8,8,0.235005298529231,0.0311003223333369,228,0.32306239,0.008749996,2966,0.00425672904640676,5.96013300537608e-4,20.30445779292556,2.687067849600308,1.15,0.02
Browning,Hystrix indica,7.6,1.86864477019048,0.687582885781986,3.25469013692981,0.58636834948651,117,32144,0.003639870582379293,740,740,11,11,0.307255554546782,0.0643277239544729,104,0.24988632,0.01686318,624,0.0032546901369298097,5.863683494865099e-4,26.546879912841966,5.55791534966646,1.25,0.04
Browning,Semnopithecus schistaceus,7.6,1.87373379330941,0.689455432805234,3.26355388332829,0.664988460507632,1144,32144,0.03558984569437531,740,740,71,71,0.151422949066886,0.0303433099240522,127,0.219931391,0.003305612,13533,0.00326355388332829,6.649884605076321e-4,13.082942799378952,2.6216619774381105,1.66,0.06
Browning,Macaca mulatta,7.6,1.85735268291247,0.68342787136674,3.23502227620241,0.64043807146041,1927,32144,0.05994897959183673,740,740,263,263,0.292909729355131,0.0373452794577637,175,0.381303675,0.004671368,18150,0.00323502227620241,6.4043807146041e-4,25.30740061628332,3.226632145150784,1.8,0.05
Browning,Sus scrofa,7.6,1.93193354576263,0.710870500228404,3.36492262034188,0.650915182369474,630,32144,0.0195993031358885,740,740,17,17,0.173376753031161,0.0226236625590061,171,0.48009288,0.01292758,5447,0.00336492262034188,6.50915182369474e-4,14.979751461892313,1.9546844450981273,1.67,0.07
Browning,Panthera tigris,7.6,1.96408836466918,0.722702124691359,3.42092789947217,0.603311106786565,436,32144,0.013563962170233947,740,740,10,10,0.391365283423442,0.0818512704591667,188,0.6335,0.02745258,2926,0.0034209278994721697,6.03311106786565e-4,33.813960487785394,7.0719497676720025,1.03,0.01
Browning,Rhinoceros unicornis,7.5,2.40472355756413,0.884837391030361,4.18839908456702,0.613711237079654,232,32144,0.007217521154803385,5595,3904,36,19,0.235005298529231,0.0311003223333369,228,0.32306239,0.008749996,2966,0.00418839908456702,6.13711237079654e-4,20.30445779292556,2.687067849600308,1.15,0.02
Browning,Sus scrofa,7.5,1.90092171860152,0.699459448779263,3.31090813369379,0.619905845851913,630,32144,0.0195993031358885,5595,3904,103,105,0.173376753031161,0.0226236625590061,171,0.48009288,0.01292758,5447,0.00331090813369379,6.19905845851913e-4,14.979751461892313,1.9546844450981273,1.67,0.07
Browning,Muntiacus muntjak,7.5,1.84225764874861,0.677873532031123,3.20873067728887,0.589049645802331,709,32144,0.022056993529118964,5595,3904,99,75,0.173213457090348,0.017168192789103,203,0.32769603,0.007022684,5456,0.00320873067728887,5.89049645802331e-4,14.965642692606067,1.4833318569784992,1.08,0.01
Browning,Muntiacus muntjak,7.3,1.78358769094937,0.656285448765733,3.10654296562241,0.570035385341098,709,32144,0.022056993529118964,1294,459,129,85,0.173213457090348,0.017168192789103,203,0.32769603,0.007022684,5456,0.00310654296562241,5.70035385341098e-4,14.965642692606067,1.4833318569784992,1.08,0.01
Browning,Axis porcinus,7.3,1.79891378135658,0.661924807106094,3.13323700404094,0.630981403794386,246,32144,0.007653061224489796,1294,459,3,1,0.0923236812995088,0.0108363138147693,193,0.5685436,0.01427842,2643,0.00313323700404094,6.30981403794386e-4,7.976766064277561,0.9362575135960677,1.11,0.03
Browning,Rusa unicolor,7.3,1.87917854655885,0.69145887359363,3.27303721851412,0.625196921463441,587,32144,0.018261572921851668,1294,459,31,9,0.176947887479306,0.0219802864935112,158,0.410938726,0.005960006,7608,0.00327303721851412,6.25196921463441e-4,15.28829747821204,1.8990967530393676,1.21,0.03
Browning,Sus scrofa,7.3,1.84038349959303,0.677183923762427,3.20546639995318,0.577572907214505,630,32144,0.0195993031358885,1294,459,33,21,0.173376753031161,0.0226236625590061,171,0.48009288,0.01292758,5447,0.0032054663999531796,5.775729072145051e-4,14.979751461892313,1.9546844450981273,1.67,0.07
Browning,Axis axis,8.4,2.17514802688226,0.800363226432944,3.7885385935254,0.614494543385427,23308,32144,0.7251119960179193,581,581,537,537,0.0857874252848385,0.00815725494581298,312,0.406569211,0.002412088,273000,0.0037885385935254,6.14494543385427e-4,7.412033544610047,0.7047868273182415,2.14,0.02
Browning,Macaca mulatta,8.4,2.11406328920876,0.777886605473841,3.68214496730258,0.640123801353677,1927,32144,0.05994897959183673,581,581,95,95,0.292909729355131,0.0373452794577637,175,0.381303675,0.004671368,18150,0.00368214496730258,6.401238013536769e-4,25.30740061628332,3.226632145150784,1.8,0.05
Browning,Hystrix indica,8.4,2.12691609169081,0.782615897612172,3.70453118545252,0.630170800812442,117,32144,0.003639870582379293,581,581,1,1,0.307255554546782,0.0643277239544729,104,0.24988632,0.01686318,624,0.0037045311854525197,6.301708008124421e-4,26.546879912841966,5.55791534966646,1.25,0.04
Browning,Panthera tigris,8.4,2.23555124813355,0.822589077938288,3.89374519650395,0.619574712986712,436,32144,0.013563962170233947,581,581,24,24,0.391365283423442,0.0818512704591667,188,0.6335,0.02745258,2926,0.00389374519650395,6.19574712986712e-4,33.813960487785394,7.0719497676720025,1.03,0.01
Browning,Rhinoceros unicornis,8.4,2.78174115687421,1.02356405168818,4.84506507132833,0.628787794610047,232,32144,0.007217521154803385,581,581,36,36,0.235005298529231,0.0311003223333369,228,0.32306239,0.008749996,2966,0.0048450650713283295,6.287877946100469e-4,20.30445779292556,2.687067849600308,1.15,0.02
Browning,Axis axis,7.5,1.88034378702239,0.691887633202375,3.27506676244046,0.601378492561513,23308,32144,0.7251119960179193,5595,3904,2339,1873,0.0857874252848385,0.00815725494581298,312,0.406569211,0.002412088,273000,0.00327506676244046,6.01378492561513e-4,7.412033544610047,0.7047868273182415,2.14,0.02
Browning,Canis aureus,7.16,1.73802019610268,0.639518522218561,3.02717631530556,0.636604346258737,91,32144,0.0028310104529616726,827,827,81,81,0.30777017539891,0.0831707553468353,63,0.40770733,0.02463658,979,0.0030271763153055602,6.36604346258737e-4,26.591343154465825,7.18595326196657,1.13,0.04
Browning,Axis porcinus,7.16,1.75861679996023,0.647097208410607,3.06305020878109,0.641508262687876,246,32144,0.007653061224489796,827,827,8,8,0.0923236812995088,0.0108363138147693,193,0.5685436,0.01427842,2643,0.00306305020878109,6.41508262687876e-4,7.976766064277561,0.9362575135960677,1.11,0.03
Browning,Muntiacus muntjak,7.16,1.74363402516182,0.641584175812194,3.03695413630218,0.63499292192518,709,32144,0.022056993529118964,827,827,34,34,0.173213457090348,0.017168192789103,203,0.32769603,0.007022684,5456,0.0030369541363021797,6.3499292192518e-4,14.965642692606067,1.4833318569784992,1.08,0.01
Browning,Sus scrofa,7.16,1.79915756624712,0.662014509719035,3.13366161351804,0.636469866256573,630,32144,0.0195993031358885,827,827,92,92,0.173376753031161,0.0226236625590061,171,0.48009288,0.01292758,5447,0.00313366161351804,6.36469866256573e-4,14.979751461892313,1.9546844450981273,1.67,0.07
Browning,Axis axis,7.16,1.77968125592039,0.654848044550019,3.09973897817536,0.597493544707055,23308,32144,0.7251119960179193,827,827,1400,1400,0.0857874252848385,0.00815725494581298,312,0.406569211,0.002412088,273000,0.00309973897817536,5.97493544707055e-4,7.412033544610047,0.7047868273182415,2.14,0.02
Browning,Macaca mulatta,7.1,1.71298919235538,0.630308162890161,2.98357885777195,0.604371266933266,1927,32144,0.05994897959183673,4077,1829,414,261,0.292909729355131,0.0373452794577637,175,0.381303675,0.004671368,18150,0.00298357885777195,6.04371266933266e-4,25.30740061628332,3.226632145150784,1.8,0.05
Browning,Axis porcinus,7.1,1.74162418578435,0.640844639234048,3.03345352211214,0.600469268606368,246,32144,0.007653061224489796,4077,1829,15,3,0.0923236812995088,0.0108363138147693,193,0.5685436,0.01427842,2643,0.0030334535221121397,6.00469268606368e-4,7.976766064277561,0.9362575135960677,1.11,0.03
Browning,Axis axis,7.1,1.76248510668618,0.64852058301029,3.06978778670303,0.620588872493178,23308,32144,0.7251119960179193,4077,1829,3209,1499,0.0857874252848385,0.00815725494581298,312,0.406569211,0.002412088,273000,0.00306978778670303,6.20588872493178e-4,7.412033544610047,0.7047868273182415,2.14,0.02
Browning,Rusa unicolor,7.5,1.94099290342131,0.714203963806745,3.38070165041168,0.594456072416794,587,32144,0.018261572921851668,5595,3904,121,110,0.176947887479306,0.0219802864935112,158,0.410938726,0.005960006,7608,0.0033807016504116797,5.94456072416794e-4,15.28829747821204,1.8990967530393676,1.21,0.03
Browning,Axis axis,7.08,1.75679006045494,0.646425044904381,3.05986850664836,0.623400436557987,23308,32144,0.7251119960179193,608,281,961,537,0.0857874252848385,0.00815725494581298,312,0.406569211,0.002412088,273000,0.00305986850664836,6.23400436557987e-4,7.412033544610047,0.7047868273182415,2.14,0.02
Browning,Semnopithecus schistaceus,7.08,1.72251314471818,0.633812577829868,3.00016709022482,0.646858201529957,1144,32144,0.03558984569437531,608,281,27,23,0.151422949066886,0.0303433099240522,127,0.219931391,0.003305612,13533,0.00300016709022482,6.468582015299569e-4,13.082942799378952,2.6216619774381105,1.66,0.06
Browning,Axis porcinus,7.08,1.73599654659587,0.638773904092151,3.02365164748453,0.610302839634874,246,32144,0.007653061224489796,608,281,9,7,0.0923236812995088,0.0108363138147693,193,0.5685436,0.01427842,2643,0.00302365164748453,6.10302839634874e-4,7.976766064277561,0.9362575135960677,1.11,0.03
Browning,Sus scrofa,7.08,1.77601585624421,0.6534993312327,3.09335481123027,0.640410411887329,630,32144,0.0195993031358885,608,281,49,42,0.173376753031161,0.0226236625590061,171,0.48009288,0.01292758,5447,0.0030933548112302696,6.404104118873289e-4,14.979751461892313,1.9546844450981273,1.67,0.07
Browning,Elephas maximus,7.5,2.82186911570912,1.03832945717155,4.91495747352191,0.639840542847559,233,32144,0.0072486311597809855,5595,3904,34,23,0.309954549479341,0.0392365459256358,135,0.330787652,0.004914778,6492,0.00491495747352191,6.39840542847559e-4,26.78007307501506,3.3900375679749337,1.49,0.11
Browning,Macaca mulatta,7.8,1.91844909217663,0.705908786981585,3.34143623128155,0.583680628082122,1927,32144,0.05994897959183673,1731,1279,73,62,0.292909729355131,0.0373452794577637,175,0.381303675,0.004671368,18150,0.00334143623128155,5.83680628082122e-4,25.30740061628332,3.226632145150784,1.8,0.05
Browning,Panthera tigris,7.8,2.02869577480878,0.746474941341877,3.53345709919401,0.596209771630962,436,32144,0.013563962170233947,1731,1279,41,19,0.391365283423442,0.0818512704591667,188,0.6335,0.02745258,2926,0.00353345709919401,5.96209771630962e-4,33.813960487785394,7.0719497676720025,1.03,0.01
Browning,Sus scrofa,7.8,1.99548324403426,0.734254123282521,3.47560956280898,0.651869394944939,630,32144,0.0195993031358885,1731,1279,30,29,0.173376753031161,0.0226236625590061,171,0.48009288,0.01292758,5447,0.0034756095628089797,6.51869394944939e-4,14.979751461892313,1.9546844450981273,1.67,0.07
Browning,Semnopithecus schistaceus,7.8,1.93536904855271,0.71213462113581,3.37090636707888,0.602087391338904,1144,32144,0.03558984569437531,1731,1279,78,69,0.151422949066886,0.0303433099240522,127,0.219931391,0.003305612,13533,0.0033709063670788798,6.02087391338904e-4,13.082942799378952,2.6216619774381105,1.66,0.06
Browning,Axis axis,7.35,1.83525042403952,0.675295167291254,3.19652592574286,0.603970002730688,23308,32144,0.7251119960179193,2187,1738,4083,2568,0.0857874252848385,0.00815725494581298,312,0.406569211,0.002412088,273000,0.00319652592574286,6.03970002730688e-4,7.412033544610047,0.7047868273182415,2.14,0.02
Browning,Semnopithecus schistaceus,7.35,1.79944265989247,0.662119412220845,3.1341581720349,0.624367242563219,1144,32144,0.03558984569437531,2187,1738,137,70,0.151422949066886,0.0303433099240522,127,0.219931391,0.003305612,13533,0.0031341581720349,6.24367242563219e-4,13.082942799378952,2.6216619774381105,1.66,0.06
Browning,Muntiacus muntjak,7.35,1.79807764643395,0.661617144530427,3.13178067583494,0.632255737456561,709,32144,0.022056993529118964,2187,1738,78,59,0.173213457090348,0.017168192789103,203,0.32769603,0.007022684,5456,0.00313178067583494,6.322557374565611e-4,14.965642692606067,1.4833318569784992,1.08,0.01
Browning,Sus scrofa,7.35,1.85533486706376,0.682685399781791,3.23150776908705,0.621246987675803,630,32144,0.0195993031358885,2187,1738,60,47,0.173376753031161,0.0226236625590061,171,0.48009288,0.01292758,5447,0.0032315077690870503,6.21246987675803e-4,14.979751461892313,1.9546844450981273,1.67,0.07
Browning,Macaca mulatta,7.35,1.78371103944034,0.65633083583594,3.1067578064115,0.630215609128618,1927,32144,0.05994897959183673,2187,1738,115,87,0.292909729355131,0.0373452794577637,175,0.381303675,0.004671368,18150,0.0031067578064115,6.302156091286179e-4,25.30740061628332,3.226632145150784,1.8,0.05
Browning,Macaca mulatta,7,1.6854919086736,0.620190316006316,2.93568578605541,0.633631915783694,1927,32144,0.05994897959183673,598,598,27,27,0.292909729355131,0.0373452794577637,175,0.381303675,0.004671368,18150,0.00293568578605541,6.336319157836941e-4,25.30740061628332,3.226632145150784,1.8,0.05
Browning,Semnopithecus schistaceus,7,1.70035727553857,0.625660147410486,2.96157736464172,0.612505854408061,1144,32144,0.03558984569437531,598,598,36,36,0.151422949066886,0.0303433099240522,127,0.219931391,0.003305612,13533,0.00296157736464172,6.125058544080611e-4,13.082942799378952,2.6216619774381105,1.66,0.06
Browning,Sus scrofa,7,1.75317180707541,0.645093679446445,3.05356645621314,0.623920244507509,630,32144,0.0195993031358885,598,598,3,3,0.173376753031161,0.0226236625590061,171,0.48009288,0.01292758,5447,0.0030535664562131404,6.23920244507509e-4,14.979751461892313,1.9546844450981273,1.67,0.07
Browning,Rusa unicolor,7,1.79012844280361,0.658692171063553,3.11793524353831,0.624228581964448,587,32144,0.018261572921851668,598,598,15,15,0.176947887479306,0.0219802864935112,158,0.410938726,0.005960006,7608,0.0031179352435383102,6.24228581964448e-4,15.28829747821204,1.8990967530393676,1.21,0.03
Browning,Muntiacus muntjak,7,1.69906742584393,0.625185536832052,2.95933078404692,0.661833516306206,709,32144,0.022056993529118964,598,598,52,52,0.173213457090348,0.017168192789103,203,0.32769603,0.007022684,5456,0.00295933078404692,6.61833516306206e-4,14.965642692606067,1.4833318569784992,1.08,0.01
Browning,Axis axis,7.4,1.85016009014808,0.680781298958711,3.22249466201771,0.654792854582805,23308,32144,0.7251119960179193,4107,1498,1922,732,0.0857874252848385,0.00815725494581298,312,0.406569211,0.002412088,273000,0.00322249466201771,6.54792854582805e-4,7.412033544610047,0.7047868273182415,2.14,0.02
Browning,Semnopithecus schistaceus,7.2,1.75628942292089,0.646240831293598,3.05899652708851,0.607783854525631,1144,32144,0.03558984569437531,608,216,56,54,0.151422949066886,0.0303433099240522,127,0.219931391,0.003305612,13533,0.00305899652708851,6.07783854525631e-4,13.082942799378952,2.6216619774381105,1.66,0.06
Browning,Macaca mulatta,7.2,1.74093506947507,0.640591073340662,3.0322532618536,0.618025495244332,1927,32144,0.05994897959183673,608,216,59,56,0.292909729355131,0.0373452794577637,175,0.381303675,0.004671368,18150,0.0030322532618536,6.18025495244332e-4,25.30740061628332,3.226632145150784,1.8,0.05
Browning,Axis axis,7.2,1.79123846510581,0.659100612705326,3.11986861187903,0.589830462156796,23308,32144,0.7251119960179193,608,216,342,216,0.0857874252848385,0.00815725494581298,312,0.406569211,0.002412088,273000,0.00311986861187903,5.89830462156796e-4,7.412033544610047,0.7047868273182415,2.14,0.02
Browning,Muntiacus muntjak,8.1,2.03010300370529,0.746992742542542,3.53590812363855,0.600639019522758,709,32144,0.022056993529118964,1780,1125,44,37,0.173213457090348,0.017168192789103,203,0.32769603,0.007022684,5456,0.0035359081236385503,6.00639019522758e-4,14.965642692606067,1.4833318569784992,1.08,0.01
Browning,Macaca mulatta,8.1,2.01388251841722,0.74102428440589,3.5076562834143,0.631035293630246,1927,32144,0.05994897959183673,1780,1125,40,36,0.292909729355131,0.0373452794577637,175,0.381303675,0.004671368,18150,0.0035076562834143,6.31035293630246e-4,25.30740061628332,3.226632145150784,1.8,0.05
Browning,Axis axis,8.1,2.07207258584364,0.762435788145482,3.60900815164591,0.588657618888758,23308,32144,0.7251119960179193,1780,1125,525,384,0.0857874252848385,0.00815725494581298,312,0.406569211,0.002412088,273000,0.0036090081516459097,5.88657618888758e-4,7.412033544610047,0.7047868273182415,2.14,0.02
Browning,Macaca mulatta,7.25,1.75507851293246,0.645795267215529,3.05688743880222,0.63796115472565,1927,32144,0.05994897959183673,1516,951,34,32,0.292909729355131,0.0373452794577637,175,0.381303675,0.004671368,18150,0.00305688743880222,6.3796115472565e-4,25.30740061628332,3.226632145150784,1.8,0.05
Browning,Muntiacus muntjak,7.25,1.76921450395383,0.650996718906568,3.0815086355577,0.623129478432802,709,32144,0.022056993529118964,1516,951,43,6,0.173213457090348,0.017168192789103,203,0.32769603,0.007022684,5456,0.0030815086355577,6.23129478432802e-4,14.965642692606067,1.4833318569784992,1.08,0.01
Browning,Sus scrofa,7.25,1.82555261893749,0.671726781836631,3.17963488731814,0.670612845357195,630,32144,0.0195993031358885,1516,951,17,12,0.173376753031161,0.0226236625590061,171,0.48009288,0.01292758,5447,0.0031796348873181397,6.706128453571951e-4,14.979751461892313,1.9546844450981273,1.67,0.07
Browning,Axis porcinus,7.7,1.91920847406348,0.706188207659875,3.34275887578666,0.638761584833409,246,32144,0.007653061224489796,2048,1247,11,11,0.0923236812995088,0.0108363138147693,193,0.5685436,0.01427842,2643,0.00334275887578666,6.38761584833409e-4,7.976766064277561,0.9362575135960677,1.11,0.03
Browning,Macaca mulatta,7.7,1.88765372046497,0.694577382057537,3.28779875337674,0.607622350298856,1927,32144,0.05994897959183673,2048,1247,101,90,0.292909729355131,0.0373452794577637,175,0.381303675,0.004671368,18150,0.00328779875337674,6.07622350298856e-4,25.30740061628332,3.226632145150784,1.8,0.05
Browning,Sus scrofa,7.7,1.96345130297572,0.722467712712904,3.41981830473089,0.59813919197943,630,32144,0.0195993031358885,2048,1247,20,14,0.173376753031161,0.0226236625590061,171,0.48009288,0.01292758,5447,0.00341981830473089,5.9813919197943e-4,14.979751461892313,1.9546844450981273,1.67,0.07
Browning,Rusa unicolor,7.7,2.00484060337473,0.73769723897859,3.4919076338169,0.61533139620130906,587,32144,0.018261572921851668,2048,1247,23,13,0.176947887479306,0.0219802864935112,158,0.410938726,0.005960006,7608,0.0034919076338169003,6.153313962013091e-4,15.28829747821204,1.8990967530393676,1.21,0.03
Browning,Axis porcinus,7,1.71366724681633,0.630557658487404,2.98475985118575,0.614573787186554,246,32144,0.007653061224489796,598,598,2,2,0.0923236812995088,0.0108363138147693,193,0.5685436,0.01427842,2643,0.00298475985118575,6.14573787186554e-4,7.976766064277561,0.9362575135960677,1.11,0.03
Browning,Elephas maximus,7,2.60253819423856,0.957624879002543,4.53294041055644,0.597263094166035,233,32144,0.0072486311597809855,598,598,1,1,0.309954549479341,0.0392365459256358,135,0.330787652,0.004914778,6492,0.0045329404105564405,5.97263094166035e-4,26.78007307501506,3.3900375679749337,1.49,0.11
Browning,Semnopithecus schistaceus,7.1,1.72809707430311,0.635867229671279,3.00989283416253,0.61305951698264,1144,32144,0.03558984569437531,4077,1829,194,127,0.151422949066886,0.0303433099240522,127,0.219931391,0.003305612,13533,0.00300989283416253,6.130595169826401e-4,13.082942799378952,2.6216619774381105,1.66,0.06
Browning,Axis axis,7.8,1.97388166135929,0.726305647044524,3.43798525925173,0.618178199951365,23308,32144,0.7251119960179193,1731,1279,884,676,0.0857874252848385,0.00815725494581298,312,0.406569211,0.002412088,273000,0.00343798525925173,6.181781999513651e-4,7.412033544610047,0.7047868273182415,2.14,0.02
Browning,Rusa unicolor,7.8,2.03754777362222,0.749732105563874,3.54887496442438,0.638899846604831,587,32144,0.018261572921851668,1731,1279,26,18,0.176947887479306,0.0219802864935112,158,0.410938726,0.005960006,7608,0.00354887496442438,6.38899846604831e-4,15.28829747821204,1.8990967530393676,1.21,0.03
Browning,Elephas maximus,7.8,2.96224325397154,1.08998125135702,5.1594524843292104,0.625206462585146,233,32144,0.0072486311597809855,1731,1279,14,6,0.309954549479341,0.0392365459256358,135,0.330787652,0.004914778,6492,0.0051594524843292106,6.25206462585146e-4,26.78007307501506,3.3900375679749337,1.49,0.11
Browning,Elephas maximus,7.7,2.91469266611471,1.07248462977287,5.07663180499427,0.652210150100865,233,32144,0.0072486311597809855,2048,1247,26,16,0.309954549479341,0.0392365459256358,135,0.330787652,0.004914778,6492,0.00507663180499427,6.522101501008651e-4,26.78007307501506,3.3900375679749337,1.49,0.11
Browning,Semnopithecus schistaceus,7.7,1.90430207393635,0.700703277736576,3.3167958279967,0.609991762551238,1144,32144,0.03558984569437531,2048,1247,115,102,0.151422949066886,0.0303433099240522,127,0.219931391,0.003305612,13533,0.0033167958279967,6.09991762551238e-4,13.082942799378952,2.6216619774381105,1.66,0.06
Browning,Axis axis,7.7,1.94219647371252,0.714646827184135,3.38279795486633,0.623982720990951,23308,32144,0.7251119960179193,2048,1247,1099,742,0.0857874252848385,0.00815725494581298,312,0.406569211,0.002412088,273000,0.00338279795486633,6.23982720990951e-4,7.412033544610047,0.7047868273182415,2.14,0.02
Browning,Panthera tigris,7.7,1.99613069881595,0.734492359481453,3.47673725958992,0.634776591500952,436,32144,0.013563962170233947,2048,1247,118,48,0.391365283423442,0.0818512704591667,188,0.6335,0.02745258,2926,0.00347673725958992,6.34776591500952e-4,33.813960487785394,7.0719497676720025,1.03,0.01
Browning,Sus scrofa,7.4,1.87040770019059,0.688231570067114,3.25776069960443,0.63822496107131,630,32144,0.0195993031358885,4107,1498,55,10,0.173376753031161,0.0226236625590061,171,0.48009288,0.01292758,5447,0.00325776069960443,6.382249610713099e-4,14.979751461892313,1.9546844450981273,1.67,0.07
Browning,Muntiacus muntjak,7.4,1.81268531904061,0.66699215525781,3.15722341846576,0.636391544479437,709,32144,0.022056993529118964,4107,1498,30,20,0.173213457090348,0.017168192789103,203,0.32769603,0.007022684,5456,0.00315722341846576,0.00063639154447943705,14.965642692606067,1.4833318569784992,1.08,0.01
Browning,Hystrix indica,7.4,1.80913446777251,0.665685590949362,3.15103876486849,0.59472587443717,117,32144,0.003639870582379293,4107,1498,14,1,0.307255554546782,0.0643277239544729,104,0.24988632,0.01686318,624,0.0031510387648684903,5.9472587443717e-4,26.546879912841966,5.55791534966646,1.25,0.04
Browning,Macaca mulatta,7.4,1.79820199701422,0.661662900327458,3.13199726200133,0.623027520954507,1927,32144,0.05994897959183673,4107,1498,175,82,0.292909729355131,0.0373452794577637,175,0.381303675,0.004671368,18150,0.00313199726200133,6.23027520954507e-4,25.30740061628332,3.226632145150784,1.8,0.05
Browning,Semnopithecus schistaceus,7.4,1.81406142193663,0.667498503396031,3.15962022956359,0.580193701077802,1144,32144,0.03558984569437531,4107,1498,134,47,0.151422949066886,0.0303433099240522,127,0.219931391,0.003305612,13533,0.0031596202295635896,5.80193701077802e-4,13.082942799378952,2.6216619774381105,1.66,0.06
Browning,Muntiacus muntjak,7.7,1.90285751667541,0.700171741263726,3.31427978731073,0.599946307602632,709,32144,0.022056993529118964,2048,1247,10,9,0.173213457090348,0.017168192789103,203,0.32769603,0.007022684,5456,0.00331427978731073,5.99946307602632e-4,14.965642692606067,1.4833318569784992,1.08,0.01
Browning,Axis axis,7.55,1.89561979386406,0.697508562891623,3.30167356839545,0.636555538002127,23308,32144,0.7251119960179193,494,211,263,182,0.0857874252848385,0.00815725494581298,312,0.406569211,0.002412088,273000,0.00330167356839545,6.36555538002127e-4,7.412033544610047,0.7047868273182415,2.14,0.02
Browning,Semnopithecus schistaceus,7.55,1.85863415658969,0.683899399922136,3.23725426796699,0.600998615791126,1144,32144,0.03558984569437531,494,211,53,37,0.151422949066886,0.0303433099240522,127,0.219931391,0.003305612,13533,0.00323725426796699,6.00998615791126e-4,13.082942799378952,2.6216619774381105,1.66,0.06
Browning,Semnopithecus schistaceus,7.5,1.843656201525,0.678388140783546,3.21116659020283,0.616644213079349,1144,32144,0.03558984569437531,5595,3904,59,50,0.151422949066886,0.0303433099240522,127,0.219931391,0.003305612,13533,0.0032111665902028303,6.16644213079349e-4,13.082942799378952,2.6216619774381105,1.66,0.06
Browning,Muntiacus muntjak,7.1,1.72678618187147,0.63538487624837,3.00760960262708,0.667931434040286,709,32144,0.022056993529118964,4077,1829,49,16,0.173213457090348,0.017168192789103,203,0.32769603,0.007022684,5456,0.0030076096026270802,6.67931434040286e-4,14.965642692606067,1.4833318569784992,1.08,0.01
Browning,Semnopithecus schistaceus,7.45,1.8287989475338,0.67292129457659,3.18528914211938,0.601760940129748,1144,32144,0.03558984569437531,541,113,45,27,0.151422949066886,0.0303433099240522,127,0.219931391,0.003305612,13533,0.00318528914211938,6.01760940129748e-4,13.082942799378952,2.6216619774381105,1.66,0.06
Browning,Macaca mulatta,7.45,1.8128106798512,0.667038282777222,3.15744176418898,0.598412774915776,1927,32144,0.05994897959183673,541,113,15,12,0.292909729355131,0.0373452794577637,175,0.381303675,0.004671368,18150,0.00315744176418898,5.984127749157761e-4,25.30740061628332,3.226632145150784,1.8,0.05
Browning,Axis axis,7.45,1.86519088312878,0.686312000233845,3.24867436960309,0.637294427040847,23308,32144,0.7251119960179193,541,113,439,287,0.0857874252848385,0.00815725494581298,312,0.406569211,0.002412088,273000,0.0032486743696030903,6.372944270408471e-4,7.412033544610047,0.7047868273182415,2.14,0.02
Browning,Rusa unicolor,7.45,1.92535125367263,0.708448492866435,3.35345799020698,0.6400260756525,587,32144,0.018261572921851668,541,113,46,27,0.176947887479306,0.0219802864935112,158,0.410938726,0.005960006,7608,0.00335345799020698,6.400260756525e-4,15.28829747821204,1.8990967530393676,1.21,0.03
Browning,Hystrix indica,7.45,1.82383196654797,0.671093653938656,3.17663796117648,0.609789504767257,117,32144,0.003639870582379293,541,113,1,1,0.307255554546782,0.0643277239544729,104,0.24988632,0.01686318,624,0.00317663796117648,6.09789504767257e-4,26.546879912841966,5.55791534966646,1.25,0.04
Browning,Rusa unicolor,7.1,1.81933277737519,0.66943814106406,3.16880155114371,0.639002220463749,587,32144,0.018261572921851668,4077,1829,55,33,0.176947887479306,0.0219802864935112,158,0.410938726,0.005960006,7608,0.00316880155114371,6.39002220463749e-4,15.28829747821204,1.8990967530393676,1.21,0.03
Browning,Semnopithecus schistaceus,6.5,1.56819631669151,0.57703045870699,2.73138756286206,0.628410585092288,1144,32144,0.03558984569437531,555,139,11,8,0.151422949066886,0.0303433099240522,127,0.219931391,0.003305612,13533,0.00273138756286206,6.28410585092288e-4,13.082942799378952,2.6216619774381105,1.66,0.06
Browning,Rusa unicolor,6.5,1.6509899835728,0.607495054924981,2.8755924622081,0.622772710095569,587,32144,0.018261572921851668,555,139,4,1,0.176947887479306,0.0219802864935112,158,0.410938726,0.005960006,7608,0.0028755924622081,6.22772710095569e-4,15.28829747821204,1.8990967530393676,1.21,0.03
Browning,Hystrix indica,6.5,1.56393712718488,0.575463255641552,2.72396916943616,0.625322205199798,117,32144,0.003639870582379293,555,139,6,2,0.307255554546782,0.0643277239544729,104,0.24988632,0.01686318,624,0.00272396916943616,6.25322205199798e-4,26.546879912841966,5.55791534966646,1.25,0.04
Browning,Axis axis,6.5,1.59940242572514,0.588512997735091,2.78574043768554,0.648190236185324,23308,32144,0.7251119960179193,555,139,222,67,0.0857874252848385,0.00815725494581298,312,0.406569211,0.002412088,273000,0.00278574043768554,6.48190236185324e-4,7.412033544610047,0.7047868273182415,2.14,0.02
Browning,Axis porcinus,4.5,1.14347776310617,0.42075184793091,1.99163899781812,0.609856330374725,246,32144,0.007653061224489796,320,271,8,5,0.0923236812995088,0.0108363138147693,193,0.5685436,0.01427842,2643,0.00199163899781812,6.09856330374725e-4,7.976766064277561,0.9362575135960677,1.11,0.03
Browning,Elephas maximus,7.25,2.70998563700533,0.997161030520489,4.72008573522705,0.608623354363609,233,32144,0.0072486311597809855,1516,951,13,12,0.309954549479341,0.0392365459256358,135,0.330787652,0.004914778,6492,0.00472008573522705,6.086233543636091e-4,26.78007307501506,3.3900375679749337,1.49,0.11
Browning,Axis axis,7.25,1.80579057586176,0.664455179002471,3.1452145803073,0.639664022027173,23308,32144,0.7251119960179193,1516,951,1564,1196,0.0857874252848385,0.00815725494581298,312,0.406569211,0.002412088,273000,0.0031452145803073,6.39664022027173e-4,7.412033544610047,0.7047868273182415,2.14,0.02
Browning,Panthera tigris,8.1,2.12961343239965,0.783608405839583,3.70922924703226,0.586283805686299,436,32144,0.013563962170233947,1780,1125,8,7,0.391365283423442,0.0818512704591667,188,0.6335,0.02745258,2926,0.00370922924703226,5.86283805686299e-4,33.813960487785394,7.0719497676720025,1.03,0.01
Browning,Elephas maximus,8.1,3.10960031663085,1.14420246878687,5.41610992189843,0.640864139175322,233,32144,0.0072486311597809855,1780,1125,7,7,0.309954549479341,0.0392365459256358,135,0.330787652,0.004914778,6492,0.00541610992189843,6.408641391753221e-4,26.78007307501506,3.3900375679749337,1.49,0.11
Browning,Macaca mulatta,7.5,1.8275380443572,0.672457335102487,3.18309297878325,0.614330117663811,1927,32144,0.05994897959183673,5595,3904,314,213,0.292909729355131,0.0373452794577637,175,0.381303675,0.004671368,18150,0.00318309297878325,6.143301176638109e-4,25.30740061628332,3.226632145150784,1.8,0.05
Browning,Axis axis,7.3,1.82046090869232,0.669853246063654,3.17076646064903,0.645388093798942,23308,32144,0.7251119960179193,1294,459,566,364,0.0857874252848385,0.00815725494581298,312,0.406569211,0.002412088,273000,0.00317076646064903,6.45388093798942e-4,7.412033544610047,0.7047868273182415,2.14,0.02
Browning,Hystrix indica,7.3,1.78009383873595,0.654999857718295,3.10045758946087,0.631246130770877,117,32144,0.003639870582379293,1294,459,8,7,0.307255554546782,0.0643277239544729,104,0.24988632,0.01686318,624,0.00310045758946087,6.31246130770877e-4,26.546879912841966,5.55791534966646,1.25,0.04
Browning,Panthera tigris,7.3,1.87101457294325,0.68845487378178,3.25881771311173,0.611841236355667,436,32144,0.013563962170233947,1294,459,11,9,0.391365283423442,0.0818512704591667,188,0.6335,0.02745258,2926,0.00325881771311173,6.11841236355667e-4,33.813960487785394,7.0719497676720025,1.03,0.01
Browning,Muntiacus muntjak,8.4,2.13109066402684,0.78415196510852,3.71180219791284,0.583417125962408,709,32144,0.022056993529118964,581,581,4,4,0.173213457090348,0.017168192789103,203,0.32769603,0.007022684,5456,0.00371180219791284,5.834171259624081e-4,14.965642692606067,1.4833318569784992,1.08,0.01
Browning,Semnopithecus schistaceus,8.4,2.13270848483868,0.784747255299694,3.71462001835877,0.603804454400244,1144,32144,0.03558984569437531,581,581,30,30,0.151422949066886,0.0303433099240522,127,0.219931391,0.003305612,13533,0.0037146200183587703,6.03804454400244e-4,13.082942799378952,2.6216619774381105,1.66,0.06
Browning,Panthera tigris,7.16,1.82910248120234,0.673032982233376,3.1858178183306,0.585386081151368,436,32144,0.013563962170233947,827,827,7,7,0.391365283423442,0.0818512704591667,188,0.6335,0.02745258,2926,0.0031858178183306,5.85386081151368e-4,33.813960487785394,7.0719497676720025,1.03,0.01
Browning,Macaca mulatta,8.2,2.04673719937163,0.753113428743245,3.56488053906744,0.586570465381326,1927,32144,0.05994897959183673,444,124,24,21,0.292909729355131,0.0373452794577637,175,0.381303675,0.004671368,18150,0.00356488053906744,5.865704653813259e-4,25.30740061628332,3.226632145150784,1.8,0.05
Browning,Muntiacus muntjak,8.2,2.06322230728003,0.759179256903261,3.59359328264054,0.639227007361112,709,32144,0.022056993529118964,444,124,9,4,0.173213457090348,0.017168192789103,203,0.32769603,0.007022684,5456,0.0035935932826405403,6.392270073611121e-4,14.965642692606067,1.4833318569784992,1.08,0.01
Browning,Muntiacus muntjak,7.08,1.72120648811977,0.633331783015898,2.99789123640229,0.63806656957,709,32144,0.022056993529118964,608,281,44,35,0.173213457090348,0.017168192789103,203,0.32769603,0.007022684,5456,0.00299789123640229,6.3806656957e-4,14.965642692606067,1.4833318569784992,1.08,0.01
Browning,Panthera tigris,7.75,2.01234736431214,0.740459412094933,3.50498244673641,0.609781941429251,436,32144,0.013563962170233947,650,650,6,6,0.391365283423442,0.0818512704591667,188,0.6335,0.02745258,2926,0.0035049824467364103,6.097819414292511e-4,33.813960487785394,7.0719497676720025,1.03,0.01
Browning,Rusa unicolor,7.75,2.02112802857058,0.743690328193176,3.52027606584131,0.622131930295993,587,32144,0.018261572921851668,650,650,14,14,0.176947887479306,0.0219802864935112,158,0.410938726,0.005960006,7608,0.00352027606584131,6.22131930295993e-4,15.28829747821204,1.8990967530393676,1.21,0.03
Browning,Hystrix indica,7.75,1.9145586551865,0.704477269373047,3.33466010823123,0.619241917158474,117,32144,0.003639870582379293,650,650,4,4,0.307255554546782,0.0643277239544729,104,0.24988632,0.01686318,624,0.00333466010823123,6.19241917158474e-4,26.546879912841966,5.55791534966646,1.25,0.04
Browning,Muntiacus muntjak,7.8,1.93390092464004,0.711594413123746,3.36834927945336,0.600923084329122,709,32144,0.022056993529118964,1731,1279,34,14,0.173213457090348,0.017168192789103,203,0.32769603,0.007022684,5456,0.00336834927945336,6.00923084329122e-4,14.965642692606067,1.4833318569784992,1.08,0.01
Browning,Canis aureus,7.35,1.79228852991267,0.659486992504033,3.12169754995466,0.637930440911171,91,32144,0.0028310104529616726,2187,1738,2,2,0.30777017539891,0.0831707553468353,63,0.40770733,0.02463658,979,0.00312169754995466,6.379304409111711e-4,26.591343154465825,7.18595326196657,1.13,0.04
Browning,Rusa unicolor,7.35,1.8944450869288,0.697076320018401,3.29962753635288,0.639320511425046,587,32144,0.018261572921851668,2187,1738,69,12,0.176947887479306,0.0219802864935112,158,0.410938726,0.005960006,7608,0.00329962753635288,6.39320511425046e-4,15.28829747821204,1.8990967530393676,1.21,0.03
Browning,Hystrix indica,7.5,1.83864886853756,0.676545652301786,3.20244512663386,0.614078658915472,117,32144,0.003639870582379293,5595,3904,6,6,0.307255554546782,0.0643277239544729,104,0.24988632,0.01686318,624,0.00320244512663386,6.14078658915472e-4,26.546879912841966,5.55791534966646,1.25,0.04
Browning,Hystrix indica,7.2,1.75151937633867,0.644485654254792,3.05068835433597,0.626838845043569,117,32144,0.003639870582379293,608,216,2,2,0.307255554546782,0.0643277239544729,104,0.24988632,0.01686318,624,0.00305068835433597,6.26838845043569e-4,26.546879912841966,5.55791534966646,1.25,0.04
Browning,Canis aureus,7.2,1.74930685932286,0.643671540808064,3.04683472874377,0.603355484108868,91,32144,0.0028310104529616726,608,216,3,3,0.30777017539891,0.0831707553468353,63,0.40770733,0.02463658,979,0.0030468347287437698,6.03355484108868e-4,26.591343154465825,7.18595326196657,1.13,0.04
Browning,Hystrix indica,8.1,2.02612625509408,0.745529465878219,3.52898166833337,0.630632237404699,117,32144,0.003639870582379293,1780,1125,2,2,0.307255554546782,0.0643277239544729,104,0.24988632,0.01686318,624,0.00352898166833337,6.30632237404699e-4,26.546879912841966,5.55791534966646,1.25,0.04
Browning,Panthera tigris,7,1.78235134179192,0.655830524140638,3.1043895689615,0.634407940333905,436,32144,0.013563962170233947,598,598,1,1,0.391365283423442,0.0818512704591667,188,0.6335,0.02745258,2926,0.0031043895689615,6.344079403339051e-4,33.813960487785394,7.0719497676720025,1.03,0.01
Browning,Rhinoceros unicornis,7.8,2.5243467517347,0.928853708292136,4.39675138160383,0.640135862864364,232,32144,0.007217521154803385,1731,1279,1,1,0.235005298529231,0.0311003223333369,228,0.32306239,0.008749996,2966,0.00439675138160383,6.40135862864364e-4,20.30445779292556,2.687067849600308,1.15,0.02
Browning,Semnopithecus schistaceus,7.3,1.78494170433551,0.65678366889097,3.10890130257518,0.612560160389386,1144,32144,0.03558984569437531,1294,459,11,10,0.151422949066886,0.0303433099240522,127,0.219931391,0.003305612,13533,0.00310890130257518,6.12560160389386e-4,13.082942799378952,2.6216619774381105,1.66,0.06
Browning,Macaca mulatta,7.3,1.76933685843091,0.651041740221364,3.08172174503475,0.62186624062731,1927,32144,0.05994897959183673,1294,459,55,53,0.292909729355131,0.0373452794577637,175,0.381303675,0.004671368,18150,0.00308172174503475,6.2186624062731e-4,25.30740061628332,3.226632145150784,1.8,0.05
Browning,Hystrix indica,7.55,1.85358614377896,0.682041942971925,3.22846195079239,0.620337304230428,117,32144,0.003639870582379293,494,211,9,6,0.307255554546782,0.0643277239544729,104,0.24988632,0.01686318,624,0.00322846195079239,6.20337304230428e-4,26.546879912841966,5.55791534966646,1.25,0.04
Browning,Macaca mulatta,7.55,1.84238505470801,0.677920412079503,3.20895258512608,0.64090067710188,1927,32144,0.05994897959183673,494,211,33,31,0.292909729355131,0.0373452794577637,175,0.381303675,0.004671368,18150,0.00320895258512608,6.4090067710188e-4,25.30740061628332,3.226632145150784,1.8,0.05
Browning,Rusa unicolor,7.55,1.9567616267138,0.720006192480437,3.4081666394726,0.660576809112525,587,32144,0.018261572921851668,494,211,33,7,0.176947887479306,0.0219802864935112,158,0.410938726,0.005960006,7608,0.0034081666394725997,6.60576809112525e-4,15.28829747821204,1.8990967530393676,1.21,0.03
Browning,Sus scrofa,6.5,1.61690581734491,0.594953511583888,2.81622676498352,0.603328068402845,630,32144,0.0195993031358885,555,139,7,3,0.173376753031161,0.0226236625590061,171,0.48009288,0.01292758,5447,0.00281622676498352,6.03328068402845e-4,14.979751461892313,1.9546844450981273,1.67,0.07
Browning,Rusa unicolor,4.5,1.19449798159631,0.439525148037115,2.08050286566119,0.623519918267852,587,32144,0.018261572921851668,320,271,1,1,0.176947887479306,0.0219802864935112,158,0.410938726,0.005960006,7608,0.00208050286566119,6.235199182678521e-4,15.28829747821204,1.8990967530393676,1.21,0.03
Browning,Panthera tigris,7.25,1.8559368492828,0.682906903985245,3.23255626456472,0.580129254463496,436,32144,0.013563962170233947,1516,951,15,9,0.391365283423442,0.0818512704591667,188,0.6335,0.02745258,2926,0.00323255626456472,5.801292544634959e-4,33.813960487785394,7.0719497676720025,1.03,0.01
Browning,Hystrix indica,7.16,1.7402184377875,0.640327382942333,3.03100507700724,0.615104827022866,117,32144,0.003639870582379293,827,827,5,5,0.307255554546782,0.0643277239544729,104,0.24988632,0.01686318,624,0.0030310050770072402,6.15104827022866e-4,26.546879912841966,5.55791534966646,1.25,0.04
Browning,Semnopithecus schistaceus,7.16,1.74495770766006,0.642071235443067,3.03925964478628,0.595763500529943,1144,32144,0.03558984569437531,827,827,44,44,0.151422949066886,0.0303433099240522,127,0.219931391,0.003305612,13533,0.00303925964478628,5.957635005299429e-4,13.082942799378952,2.6216619774381105,1.66,0.06
Browning,Canis aureus,7.08,1.71566486707983,0.631292698944205,2.98823918287719,0.61861882298737,91,32144,0.0028310104529616726,608,281,1,1,0.30777017539891,0.0831707553468353,63,0.40770733,0.02463658,979,0.00298823918287719,6.1861882298737e-4,26.591343154465825,7.18595326196657,1.13,0.04
Browning,Panthera tigris,7.08,1.80557560396842,0.664376078363792,3.14484015553052,0.643952409038808,436,32144,0.013563962170233947,608,281,8,1,0.391365283423442,0.0818512704591667,188,0.6335,0.02745258,2926,0.0031448401555305198,6.43952409038808e-4,33.813960487785394,7.0719497676720025,1.03,0.01
Browning,Axis porcinus,7.75,1.93480021956382,0.711925315930274,3.36991561585143,0.627510313345755,246,32144,0.007653061224489796,650,650,17,17,0.0923236812995088,0.0108363138147693,193,0.5685436,0.01427842,2643,0.00336991561585143,6.27510313345755e-4,7.976766064277561,0.9362575135960677,1.11,0.03
Browning,Semnopithecus schistaceus,7.75,1.91977271909754,0.706395826162327,3.34374164296447,0.612650144163938,1144,32144,0.03558984569437531,650,650,10,10,0.151422949066886,0.0303433099240522,127,0.219931391,0.003305612,13533,0.00334374164296447,6.12650144163938e-4,13.082942799378952,2.6216619774381105,1.66,0.06
Browning,Elephas maximus,7.4,2.77657184475505,1.02166196168097,4.8360614825043,0.609917243731659,233,32144,0.0072486311597809855,4107,1498,14,5,0.309954549479341,0.0392365459256358,135,0.330787652,0.004914778,6492,0.0048360614825042995,6.09917243731659e-4,26.78007307501506,3.3900375679749337,1.49,0.11
Browning,Elephas maximus,7.1,2.64499626280086,0.97324766711749,4.60689125407,0.588830512298385,233,32144,0.0072486311597809855,4077,1829,27,6,0.309954549479341,0.0392365459256358,135,0.330787652,0.004914778,6492,0.0046068912540699995,5.88830512298385e-4,26.78007307501506,3.3900375679749337,1.49,0.11
Browning,Axis porcinus,7.55,1.87318307968717,0.689252793294687,3.26259468432847,0.633651630937588,246,32144,0.007653061224489796,494,211,7,4,0.0923236812995088,0.0108363138147693,193,0.5685436,0.01427842,2643,0.00326259468432847,6.33651630937588e-4,7.976766064277561,0.9362575135960677,1.11,0.03
Hiperfire1,Sus scrofa,7.3,1.29122073046248,0.76362129020875,2.61630611890212,0.620575659706808,630,32144,0.0195993031358885,1294,496,33,5,0.173376753031161,0.0226236625590061,171,0.48009288,0.01292758,5447,0.00261630611890212,6.205756597068079e-4,14.979751461892313,1.9546844450981273,1.67,0.07
Browning,Sus scrofa,8.4,2.19895220970275,0.809122167125414,3.8299992500822,0.619524712612773,630,32144,0.0195993031358885,581,581,6,6,0.173376753031161,0.0226236625590061,171,0.48009288,0.01292758,5447,0.0038299992500822003,6.19524712612773e-4,14.979751461892313,1.9546844450981273,1.67,0.07
Browning,Macaca mulatta,7.16,1.72970242169082,0.63645793016563,3.01268892916809,0.634040404301914,1927,32144,0.05994897959183673,827,827,27,27,0.292909729355131,0.0373452794577637,175,0.381303675,0.004671368,18150,0.00301268892916809,6.34040404301914e-4,25.30740061628332,3.226632145150784,1.8,0.05
Browning,Muntiacus muntjak,7.75,1.91831642618126,0.705859971460624,3.3412051618383,0.599589813481224,709,32144,0.022056993529118964,650,650,23,23,0.173213457090348,0.017168192789103,203,0.32769603,0.007022684,5456,0.0033412051618383,5.99589813481224e-4,14.965642692606067,1.4833318569784992,1.08,0.01
Browning,Macaca mulatta,7.75,1.90298911357104,0.700220163400827,3.31450899466201,0.616009922411353,1927,32144,0.05994897959183673,650,650,20,20,0.292909729355131,0.0373452794577637,175,0.381303675,0.004671368,18150,0.00331450899466201,6.16009922411353e-4,25.30740061628332,3.226632145150784,1.8,0.05
Hiperfire1,Axis axis,7.7,1.36265313726367,0.805866047714079,2.76104437983054,0.641776969285171,23308,32144,0.7251119960179193,2048,476,1099,128,0.0857874252848385,0.00815725494581298,312,0.406569211,0.002412088,273000,0.00276104437983054,6.41776969285171e-4,7.412033544610047,0.7047868273182415,2.14,0.02
Hiperfire1,Panthera tigris,7.7,1.40049361428945,0.828244710948668,2.83771777055999,0.603377846431732,436,32144,0.013563962170233947,2048,476,118,11,0.391365283423442,0.0818512704591667,188,0.6335,0.02745258,2926,0.00283771777055999,6.03377846431732e-4,33.813960487785394,7.0719497676720025,1.03,0.01
Hiperfire1,Axis axis,7.4,1.29808002712577,0.767677842930038,2.63020461000293,0.596510541949682,23308,32144,0.7251119960179193,4107,828,1922,268,0.0857874252848385,0.00815725494581298,312,0.406569211,0.002412088,273000,0.00263020461000293,5.96510541949682e-4,7.412033544610047,0.7047868273182415,2.14,0.02
Hiperfire1,Rusa unicolor,7.4,1.33994865094,0.792438731430361,2.71503993992824,0.625012008636335,587,32144,0.018261572921851668,4107,828,78,11,0.176947887479306,0.0219802864935112,158,0.410938726,0.005960006,7608,0.00271503993992824,6.25012008636335e-4,15.28829747821204,1.8990967530393676,1.21,0.03
Hiperfire1,Axis axis,7.45,1.30862569410021,0.773914496068542,2.65157252362315,0.604248206766733,23308,32144,0.7251119960179193,541,350,439,82,0.0857874252848385,0.00815725494581298,312,0.406569211,0.002412088,273000,0.00265157252362315,6.04248206766733e-4,7.412033544610047,0.7047868273182415,2.14,0.02
Hiperfire1,Panthera tigris,7.45,1.34496584491246,0.795405874107128,2.72520591308852,0.604730237048409,436,32144,0.013563962170233947,541,350,2,2,0.391365283423442,0.0818512704591667,188,0.6335,0.02745258,2926,0.00272520591308852,6.04730237048409e-4,33.813960487785394,7.0719497676720025,1.03,0.01
Hiperfire1,Rusa unicolor,7.45,1.35083446070549,0.798876543263752,2.73709706000596,0.610415801286495,587,32144,0.018261572921851668,541,350,46,12,0.176947887479306,0.0219802864935112,158,0.410938726,0.005960006,7608,0.0027370970600059602,6.10415801286495e-4,15.28829747821204,1.8990967530393676,1.21,0.03
Hiperfire1,Sus scrofa,6.5,1.13442785757577,0.670894792666847,2.29860818929499,0.621545278850803,630,32144,0.0195993031358885,555,416,7,4,0.173376753031161,0.0226236625590061,171,0.48009288,0.01292758,5447,0.00229860818929499,6.215452788508031e-4,14.979751461892313,1.9546844450981273,1.67,0.07
Hiperfire1,Axis axis,6.5,1.12214740509516,0.663632196314144,2.27372520669573,0.599056648045478,23308,32144,0.7251119960179193,555,416,222,155,0.0857874252848385,0.00815725494581298,312,0.406569211,0.002412088,273000,0.0022737252066957303,5.99056648045478e-4,7.412033544610047,0.7047868273182415,2.14,0.02
Hiperfire1,Hystrix indica,6.5,1.09726480388876,0.648916754106075,2.22330741192629,0.597875729690478,117,32144,0.003639870582379293,555,416,6,4,0.307255554546782,0.0643277239544729,104,0.24988632,0.01686318,624,0.0022233074119262903,5.97875729690478e-4,26.546879912841966,5.55791534966646,1.25,0.04
Browning,Axis axis,7,1.73419330357397,0.638110386306136,3.0205108700765,0.603768064475433,23308,32144,0.7251119960179193,598,598,300,300,0.0857874252848385,0.00815725494581298,312,0.406569211,0.002412088,273000,0.0030205108700765,6.03768064475433e-4,7.412033544610047,0.7047868273182415,2.14,0.02
Hiperfire1,Axis axis,7.2,1.25674036952509,0.743229782324233,2.54644108562454,0.614869700284346,23308,32144,0.7251119960179193,608,392,342,126,0.0857874252848385,0.00815725494581298,312,0.406569211,0.002412088,273000,0.00254644108562454,6.148697002843459e-4,7.412033544610047,0.7047868273182415,2.14,0.02
Hiperfire1,Axis axis,8.1,1.45377475860653,0.859754905299897,2.94567745600352,0.625957120556501,23308,32144,0.7251119960179193,1780,655,525,141,0.0857874252848385,0.00815725494581298,312,0.406569211,0.002412088,273000,0.00294567745600352,6.25957120556501e-4,7.412033544610047,0.7047868273182415,2.14,0.02
Hiperfire1,Sus scrofa,7.25,1.28081532280822,0.757467585709866,2.59522240248303,0.616947875643323,630,32144,0.0195993031358885,1516,517,17,5,0.173376753031161,0.0226236625590061,171,0.48009288,0.01292758,5447,0.0025952224024830303,6.16947875643323e-4,14.979751461892313,1.9546844450981273,1.67,0.07
Hiperfire1,Muntiacus muntjak,7.25,1.24128826662772,0.734091488249058,2.51513161977836,0.641138706317999,709,32144,0.022056993529118964,1516,517,43,33,0.173213457090348,0.017168192789103,203,0.32769603,0.007022684,5456,0.00251513161977836,6.41138706317999e-4,14.965642692606067,1.4833318569784992,1.08,0.01
Hiperfire1,Panthera tigris,7.25,1.30213302540102,0.77007476523708,2.63841690394871,0.612982748768821,436,32144,0.013563962170233947,1516,517,15,6,0.391365283423442,0.0818512704591667,188,0.6335,0.02745258,2926,0.00263841690394871,6.12982748768821e-4,33.813960487785394,7.0719497676720025,1.03,0.01
Hiperfire1,Elephas maximus,7.25,1.9013372128856,1.1244410358139,3.8525405198437,0.588850218849768,233,32144,0.0072486311597809855,1516,517,13,1,0.309954549479341,0.0392365459256358,135,0.330787652,0.004914778,6492,0.0038525405198437,5.88850218849768e-4,26.78007307501506,3.3900375679749337,1.49,0.11
Hiperfire2,Panthera tigris,7.5,1.48954679031356,0.551900858977947,2.59925187558459,0.582840217511236,436,32144,0.013563962170233947,5595,1106,67,23,0.391365283423442,0.0818512704591667,188,0.6335,0.02745258,2926,0.00259925187558459,5.828402175112361e-4,33.813960487785394,7.0719497676720025,1.03,0.01
Hiperfire2,Axis porcinus,7.5,1.43214611356841,0.530632992129068,2.49908797495394,0.639075863644985,246,32144,0.007653061224489796,5595,1106,85,8,0.0923236812995088,0.0108363138147693,193,0.5685436,0.01427842,2643,0.00249908797495394,6.390758636449851e-4,7.976766064277561,0.9362575135960677,1.11,0.03
Hiperfire2,Sus scrofa,7.5,1.46516086748192,0.542865485369495,2.55669855932074,0.635095264900557,630,32144,0.0195993031358885,5595,1106,103,9,0.173376753031161,0.0226236625590061,171,0.48009288,0.01292758,5447,0.00255669855932074,6.35095264900557e-4,14.979751461892313,1.9546844450981273,1.67,0.07
Hiperfire2,Rusa unicolor,7.3,1.44840202649436,0.536656067312503,2.5274544636315,0.597079958213403,587,32144,0.018261572921851668,1294,339,31,20,0.176947887479306,0.0219802864935112,158,0.410938726,0.005960006,7608,0.0025274544636315,5.97079958213403e-4,15.28829747821204,1.8990967530393676,1.21,0.03
Hiperfire2,Muntiacus muntjak,7.3,1.37472409459553,0.509357217644194,2.39888683224013,0.604350364129342,709,32144,0.022056993529118964,1294,339,129,43,0.173213457090348,0.017168192789103,203,0.32769603,0.007022684,5456,0.0023988868322401304,6.043503641293419e-4,14.965642692606067,1.4833318569784992,1.08,0.01
Browning,Elephas maximus,8.4,3.26428766990235,1.20112092565631,5.68553480726559,0.607192072198587,233,32144,0.0072486311597809855,581,581,5,5,0.309954549479341,0.0392365459256358,135,0.330787652,0.004914778,6492,0.00568553480726559,6.07192072198587e-4,26.78007307501506,3.3900375679749337,1.49,0.11
Browning,Canis aureus,8.4,2.12422937402863,0.781627298220296,3.69985162643986,0.646774915713,91,32144,0.0028310104529616726,581,581,2,2,0.30777017539891,0.0831707553468353,63,0.40770733,0.02463658,979,0.00369985162643986,6.46774915713e-4,26.591343154465825,7.18595326196657,1.13,0.04
Hiperfire2,Macaca mulatta,7.1,1.32030935650785,0.489195688723487,2.30393337998632,0.581698587214697,1927,32144,0.05994897959183673,4077,1377,414,149,0.292909729355131,0.0373452794577637,175,0.381303675,0.004671368,18150,0.00230393337998632,5.816985872146971e-4,25.30740061628332,3.226632145150784,1.8,0.05
Hiperfire2,Axis axis,7.1,1.35845899521632,0.503330738733209,2.37050431324649,0.592804722360538,23308,32144,0.7251119960179193,4077,1377,3209,1544,0.0857874252848385,0.00815725494581298,312,0.406569211,0.002412088,273000,0.0023705043132464902,5.928047223605381e-4,7.412033544610047,0.7047868273182415,2.14,0.02
Hiperfire2,Elephas maximus,7.1,2.03866628539694,0.755358395853483,3.5574627131341,0.590039410053645,233,32144,0.0072486311597809855,4077,1377,27,17,0.309954549479341,0.0392365459256358,135,0.330787652,0.004914778,6492,0.0035574627131341,5.90039410053645e-4,26.78007307501506,3.3900375679749337,1.49,0.11
Hiperfire2,Panthera tigris,7.1,1.39618300215044,0.517308085377454,2.43633252113881,0.633260831893463,436,32144,0.013563962170233947,4077,1377,58,20,0.391365283423442,0.0818512704591667,188,0.6335,0.02745258,2926,0.00243633252113881,6.33260831893463e-4,33.813960487785394,7.0719497676720025,1.03,0.01
Hiperfire2,Rhinoceros unicornis,7.1,1.73729845059587,0.643696803229042,3.03157731299661,0.617531080697779,232,32144,0.007217521154803385,4077,1377,46,12,0.235005298529231,0.0311003223333369,228,0.32306239,0.008749996,2966,0.00303157731299661,6.175310806977789e-4,20.30445779292556,2.687067849600308,1.15,0.02
Hiperfire2,Panthera tigris,7.08,1.39167157296766,0.515636528862822,2.42846009924433,0.616549778794573,436,32144,0.013563962170233947,608,327,8,7,0.391365283423442,0.0818512704591667,188,0.6335,0.02745258,2926,0.00242846009924433,6.16549778794573e-4,33.813960487785394,7.0719497676720025,1.03,0.01
Hiperfire2,Muntiacus muntjak,7.08,1.3266429472458,0.491542385176006,2.31498546489689,0.579986584764112,709,32144,0.022056993529118964,608,327,44,9,0.173213457090348,0.017168192789103,203,0.32769603,0.007022684,5456,0.00231498546489689,5.79986584764112e-4,14.965642692606067,1.4833318569784992,1.08,0.01
Hiperfire2,Panthera tigris,7.8,1.56364443216655,0.579355217882843,2.7285518987965,0.604963738325305,436,32144,0.013563962170233947,1731,452,41,22,0.391365283423442,0.0818512704591667,188,0.6335,0.02745258,2926,0.0027285518987965,6.04963738325305e-4,33.813960487785394,7.0719497676720025,1.03,0.01
Hiperfire2,Muntiacus muntjak,7.8,1.49058003211949,0.552283691557583,2.60105487749057,0.638466197715906,709,32144,0.022056993529118964,1731,452,34,20,0.173213457090348,0.017168192789103,203,0.32769603,0.007022684,5456,0.00260105487749057,6.38466197715906e-4,14.965642692606067,1.4833318569784992,1.08,0.01
Hiperfire2,Axis axis,7.35,1.41454383787593,0.524111068052684,2.46837208982314,0.616978235448002,23308,32144,0.7251119960179193,2187,449,4083,1515,0.0857874252848385,0.00815725494581298,312,0.406569211,0.002412088,273000,0.00246837208982314,6.16978235448002e-4,7.412033544610047,0.7047868273182415,2.14,0.02
Hiperfire2,Axis axis,7.4,1.42603566266583,0.528368972546865,2.4884252679665,0.595489926251788,23308,32144,0.7251119960179193,4107,1781,1922,922,0.0857874252848385,0.00815725494581298,312,0.406569211,0.002412088,273000,0.0024884252679665,5.95489926251788e-4,7.412033544610047,0.7047868273182415,2.14,0.02
Hiperfire2,Macaca mulatta,7.4,1.38598826667694,0.513530773176543,2.41854275751882,0.644509257538702,1927,32144,0.05994897959183673,4107,1781,175,73,0.292909729355131,0.0373452794577637,175,0.381303675,0.004671368,18150,0.00241854275751882,6.44509257538702e-4,25.30740061628332,3.226632145150784,1.8,0.05
Hiperfire1,Semnopithecus schistaceus,7.2,1.23221997592835,0.728728547831148,2.49675720564063,0.626073209129553,1144,32144,0.03558984569437531,608,392,56,2,0.151422949066886,0.0303433099240522,127,0.219931391,0.003305612,13533,0.00249675720564063,6.26073209129553e-4,13.082942799378952,2.6216619774381105,1.66,0.06
Hiperfire2,Muntiacus muntjak,7.4,1.39715148105687,0.517666922269206,2.4380225121014,0.614361843640104,709,32144,0.022056993529118964,4107,1781,30,6,0.173213457090348,0.017168192789103,203,0.32769603,0.007022684,5456,0.0024380225121014,6.143618436401041e-4,14.965642692606067,1.4833318569784992,1.08,0.01
Hiperfire2,Hystrix indica,7.4,1.39441461489697,0.51665286967658,2.43324669401659,0.604215036820914,117,32144,0.003639870582379293,4107,1781,14,12,0.307255554546782,0.0643277239544729,104,0.24988632,0.01686318,624,0.00243324669401659,6.04215036820914e-4,26.546879912841966,5.55791534966646,1.25,0.04
Hiperfire1,Muntiacus muntjak,7.1,1.2115203790958,0.716486912867301,2.45481512666517,0.624051677214095,709,32144,0.022056993529118964,4077,871,49,22,0.173213457090348,0.017168192789103,203,0.32769603,0.007022684,5456,0.00245481512666517,6.240516772140951e-4,14.965642692606067,1.4833318569784992,1.08,0.01
Hiperfire1,Axis axis,7.3,1.27724295768784,0.755354907375354,2.58798398034272,0.614134536153346,23308,32144,0.7251119960179193,1294,496,566,197,0.0857874252848385,0.00815725494581298,312,0.406569211,0.002412088,273000,0.0025879839803427196,6.14134536153346e-4,7.412033544610047,0.7047868273182415,2.14,0.02
Hiperfire2,Sus scrofa,7.7,1.51335638189394,0.560722692659559,2.64079949662922,0.631804914453532,630,32144,0.0195993031358885,2048,325,20,6,0.173376753031161,0.0226236625590061,171,0.48009288,0.01292758,5447,0.00264079949662922,6.31804914453532e-4,14.979751461892313,1.9546844450981273,1.67,0.07
Hiperfire2,Panthera tigris,7.7,1.53854446380679,0.570055279010059,2.68475257657281,0.622093483258535,436,32144,0.013563962170233947,2048,325,118,59,0.391365283423442,0.0818512704591667,188,0.6335,0.02745258,2926,0.0026847525765728098,6.22093483258535e-4,33.813960487785394,7.0719497676720025,1.03,0.01
Hiperfire2,Rusa unicolor,7.55,1.50820022434196,0.558812253994277,2.63180202687873,0.63613598037317,587,32144,0.018261572921851668,494,283,33,26,0.176947887479306,0.0219802864935112,158,0.410938726,0.005960006,7608,0.00263180202687873,6.3613598037317e-4,15.28829747821204,1.8990967530393676,1.21,0.03
Hiperfire2,Hystrix indica,7.55,1.42867633937584,0.529347385413124,2.49303323593094,0.599762167257007,117,32144,0.003639870582379293,494,283,9,3,0.307255554546782,0.0643277239544729,104,0.24988632,0.01686318,624,0.00249303323593094,5.997621672570071e-4,26.546879912841966,5.55791534966646,1.25,0.04
Hiperfire1,Panthera tigris,7.5,1.35589241461237,0.801867791155822,2.74734562203995,0.638361295569375,436,32144,0.013563962170233947,5595,585,67,8,0.391365283423442,0.0818512704591667,188,0.6335,0.02745258,2926,0.00274734562203995,6.38361295569375e-4,33.813960487785394,7.0719497676720025,1.03,0.01
Hiperfire2,Rhinoceros unicornis,7.5,1.85347288064388,0.686741283705732,3.23430112614631,0.621380450950672,232,32144,0.007217521154803385,5595,1106,36,14,0.235005298529231,0.0311003223333369,228,0.32306239,0.008749996,2966,0.00323430112614631,6.213804509506719e-4,20.30445779292556,2.687067849600308,1.15,0.02
Hiperfire1,Axis axis,7.1,1.23656689346966,0.731299292478458,2.50556504669631,0.627313494310766,23308,32144,0.7251119960179193,4077,871,3209,166,0.0857874252848385,0.00815725494581298,312,0.406569211,0.002412088,273000,0.0025055650466963104,6.27313494310766e-4,7.412033544610047,0.7047868273182415,2.14,0.02
Hiperfire2,Semnopithecus schistaceus,7.1,1.33195395880985,0.493510199724232,2.32425315414229,0.637828582763778,1144,32144,0.03558984569437531,4077,1377,194,67,0.151422949066886,0.0303433099240522,127,0.219931391,0.003305612,13533,0.00232425315414229,6.37828582763778e-4,13.082942799378952,2.6216619774381105,1.66,0.06
Hiperfire2,Elephas maximus,7.5,2.17499340505957,0.805869769469316,3.79535287125497,0.616982915624246,233,32144,0.0072486311597809855,5595,1106,34,8,0.309954549479341,0.0392365459256358,135,0.330787652,0.004914778,6492,0.0037953528712549697,6.16982915624246e-4,26.78007307501506,3.3900375679749337,1.49,0.11
Browning,Axis porcinus,7.6,1.8884009125848,0.694852317412924,3.28910016649794,0.632935531943549,246,32144,0.007653061224489796,740,740,4,4,0.0923236812995088,0.0108363138147693,193,0.5685436,0.01427842,2643,0.0032891001664979397,6.32935531943549e-4,7.976766064277561,0.9362575135960677,1.11,0.03
Browning,Muntiacus muntjak,7.6,1.87231242440306,0.688932428674121,3.26107823068727,0.588892564567232,709,32144,0.022056993529118964,740,740,7,7,0.173213457090348,0.017168192789103,203,0.32769603,0.007022684,5456,0.0032610782306872702,5.888925645672321e-4,14.965642692606067,1.4833318569784992,1.08,0.01
Hiperfire2,Rusa unicolor,8.2,1.67548553185075,0.620794130299792,2.92371407162117,0.583949738203426,587,32144,0.018261572921851668,444,320,6,5,0.176947887479306,0.0219802864935112,158,0.410938726,0.005960006,7608,0.00292371407162117,5.83949738203426e-4,15.28829747821204,1.8990967530393676,1.21,0.03
Hiperfire2,Muntiacus muntjak,8.2,1.59025621937046,0.589215309766018,2.77498933752098,0.645412456127037,709,32144,0.022056993529118964,444,320,9,5,0.173213457090348,0.017168192789103,203,0.32769603,0.007022684,5456,0.00277498933752098,6.45412456127037e-4,14.965642692606067,1.4833318569784992,1.08,0.01
Hiperfire2,Axis axis,7.08,1.35406946207833,0.501704346648635,2.36284459935496,0.588591775267148,23308,32144,0.7251119960179193,608,327,961,424,0.0857874252848385,0.00815725494581298,312,0.406569211,0.002412088,273000,0.00236284459935496,5.88591775267148e-4,7.412033544610047,0.7047868273182415,2.14,0.02
Hiperfire2,Axis porcinus,7.08,1.33804258285146,0.49576613210609,2.33487777336393,0.603494226277724,246,32144,0.007653061224489796,608,327,9,2,0.0923236812995088,0.0108363138147693,193,0.5685436,0.01427842,2643,0.0023348777733639297,6.03494226277724e-4,7.976766064277561,0.9362575135960677,1.11,0.03
Hiperfire2,Rusa unicolor,7.8,1.57046722877808,0.581883172919248,2.74045764556765,0.607519529707156,587,32144,0.018261572921851668,1731,452,26,8,0.176947887479306,0.0219802864935112,158,0.410938726,0.005960006,7608,0.00274045764556765,6.075195297071559e-4,15.28829747821204,1.8990967530393676,1.21,0.03
Hiperfire2,Rusa unicolor,7.4,1.47203140211036,0.545411128103067,2.5686876086983,0.59500809772099,587,32144,0.018261572921851668,4107,1781,78,61,0.176947887479306,0.0219802864935112,158,0.410938726,0.005960006,7608,0.0025686876086982997,5.9500809772099e-4,15.28829747821204,1.8990967530393676,1.21,0.03
Hiperfire2,Sus scrofa,7.4,1.44164177921657,0.534151287802534,2.51565786514229,0.623957581055812,630,32144,0.0195993031358885,4107,1781,55,34,0.173376753031161,0.0226236625590061,171,0.48009288,0.01292758,5447,0.00251565786514229,6.23957581055812e-4,14.979751461892313,1.9546844450981273,1.67,0.07
Hiperfire2,Semnopithecus schistaceus,7.4,1.39821213078965,0.518059909923175,2.43987334070592,0.616546191120713,1144,32144,0.03558984569437531,4107,1781,134,89,0.151422949066886,0.0303433099240522,127,0.219931391,0.003305612,13533,0.00243987334070592,6.165461911207129e-4,13.082942799378952,2.6216619774381105,1.66,0.06
Hiperfire1,Axis axis,7.25,1.26695019105643,0.749267818197289,2.56712850018904,0.62709048075015,23308,32144,0.7251119960179193,1516,517,1564,358,0.0857874252848385,0.00815725494581298,312,0.406569211,0.002412088,273000,0.0025671285001890396,6.270904807501499e-4,7.412033544610047,0.7047868273182415,2.14,0.02
Hiperfire1,Semnopithecus schistaceus,7.25,1.24223059255741,0.734648774950901,2.51704098588262,0.621601324832893,1144,32144,0.03558984569437531,1516,517,11,5,0.151422949066886,0.0303433099240522,127,0.219931391,0.003305612,13533,0.0025170409858826202,6.21601324832893e-4,13.082942799378952,2.6216619774381105,1.66,0.06
Hiperfire2,Rusa unicolor,7.1,1.40227509857606,0.519565304333005,2.44696319965359,0.586992475801421,587,32144,0.018261572921851668,4077,1377,55,20,0.176947887479306,0.0219802864935112,158,0.410938726,0.005960006,7608,0.00244696319965359,5.86992475801421e-4,15.28829747821204,1.8990967530393676,1.21,0.03
Browning,Hystrix indica,7.8,1.93011262532604,0.710200477895349,3.36175105350388,0.665464784011588,117,32144,0.003639870582379293,1731,1279,5,4,0.307255554546782,0.0643277239544729,104,0.24988632,0.01686318,624,0.0033617510535038798,6.65464784011588e-4,26.546879912841966,5.55791534966646,1.25,0.04
Hiperfire1,Hystrix indica,7.3,1.24892125323481,0.738605597218615,2.53059778222024,0.615540480173661,117,32144,0.003639870582379293,1294,496,8,1,0.307255554546782,0.0643277239544729,104,0.24988632,0.01686318,624,0.00253059778222024,6.155404801736611e-4,26.546879912841966,5.55791534966646,1.25,0.04
Hiperfire1,Axis porcinus,7.3,1.26212540338246,0.746414463614558,2.5573523858377,0.61675890189356,246,32144,0.007653061224489796,1294,496,3,1,0.0923236812995088,0.0108363138147693,193,0.5685436,0.01427842,2643,0.0025573523858377,6.1675890189356e-4,7.976766064277561,0.9362575135960677,1.11,0.03
Hiperfire1,Rusa unicolor,7.3,1.3184394970362,0.779718328583796,2.67145751467492,0.64813584583285,587,32144,0.018261572921851668,1294,496,31,2,0.176947887479306,0.0219802864935112,158,0.410938726,0.005960006,7608,0.00267145751467492,6.4813584583285e-4,15.28829747821204,1.8990967530393676,1.21,0.03
Hiperfire1,Panthera tigris,7.4,1.33412732786637,0.788996030944435,2.70324461878886,0.640802410359979,436,32144,0.013563962170233947,4107,828,3,1,0.391365283423442,0.0818512704591667,188,0.6335,0.02745258,2926,0.00270324461878886,6.40802410359979e-4,33.813960487785394,7.0719497676720025,1.03,0.01
Hiperfire1,Axis porcinus,7.4,1.28271584352649,0.758591543874971,2.59907328859956,0.593126844270017,246,32144,0.007653061224489796,4107,828,4,3,0.0923236812995088,0.0108363138147693,193,0.5685436,0.01427842,2643,0.00259907328859956,5.931268442700171e-4,7.976766064277561,0.9362575135960677,1.11,0.03
Hiperfire1,Sus scrofa,7.1,1.25009951931311,0.73930241770925,2.5329852165896,0.621300815008778,630,32144,0.0195993031358885,4077,871,31,4,0.173376753031161,0.0226236625590061,171,0.48009288,0.01292758,5447,0.0025329852165896,6.21300815008778e-4,14.979751461892313,1.9546844450981273,1.67,0.07
Hiperfire2,Semnopithecus schistaceus,7.55,1.43256716284135,0.530788997604637,2.49982270387922,0.624513017600337,1144,32144,0.03558984569437531,494,283,53,16,0.151422949066886,0.0303433099240522,127,0.219931391,0.003305612,13533,0.0024998227038792197,6.245130176003369e-4,13.082942799378952,2.6216619774381105,1.66,0.06
Hiperfire1,Rusa unicolor,7.5,1.36180870733322,0.805366656202021,2.75933337322887,0.582088296103242,587,32144,0.018261572921851668,5595,585,121,16,0.176947887479306,0.0219802864935112,158,0.410938726,0.005960006,7608,0.0027593333732288698,5.82088296103242e-4,15.28829747821204,1.8990967530393676,1.21,0.03
Hiperfire2,Sus scrofa,7.1,1.37332557251433,0.508839042892696,2.39644641803747,0.602155591340291,630,32144,0.0195993031358885,4077,1377,31,14,0.173376753031161,0.0226236625590061,171,0.48009288,0.01292758,5447,0.00239644641803747,6.021555913402909e-4,14.979751461892313,1.9546844450981273,1.67,0.07
Hiperfire1,Macaca mulatta,7.45,1.27187552526159,0.752180635480752,2.57710834462199,0.653121687740781,1927,32144,0.05994897959183673,541,350,15,3,0.292909729355131,0.0373452794577637,175,0.381303675,0.004671368,18150,0.00257710834462199,6.531216877407811e-4,25.30740061628332,3.226632145150784,1.8,0.05
Hiperfire2,Elephas maximus,7.8,2.28318865170019,0.8459578351458,3.98415304832142,0.580718306250051,233,32144,0.0072486311597809855,1731,452,14,8,0.309954549479341,0.0392365459256358,135,0.330787652,0.004914778,6492,0.00398415304832142,5.807183062500511e-4,26.78007307501506,3.3900375679749337,1.49,0.11
Hiperfire2,Rusa unicolor,7.35,1.46016891689968,0.541015888007245,2.54798762993062,0.611770689578367,587,32144,0.018261572921851668,2187,449,69,57,0.176947887479306,0.0219802864935112,158,0.410938726,0.005960006,7608,0.00254798762993062,6.11770689578367e-4,15.28829747821204,1.8990967530393676,1.21,0.03
Hiperfire2,Semnopithecus schistaceus,7.35,1.38694452420252,0.513885081851639,2.42021142223151,0.598049832597793,1144,32144,0.03558984569437531,2187,449,137,67,0.151422949066886,0.0303433099240522,127,0.219931391,0.003305612,13533,0.00242021142223151,5.98049832597793e-4,13.082942799378952,2.6216619774381105,1.66,0.06
Hiperfire2,Sus scrofa,7.35,1.43002419126257,0.529846786048875,2.49538523089168,0.657416953615946,630,32144,0.0195993031358885,2187,449,60,13,0.173376753031161,0.0226236625590061,171,0.48009288,0.01292758,5447,0.00249538523089168,6.574169536159459e-4,14.979751461892313,1.9546844450981273,1.67,0.07
Hiperfire2,Axis porcinus,7.35,1.39780117888712,0.517907645684493,2.43915623164269,0.657208184706769,246,32144,0.007653061224489796,2187,449,50,6,0.0923236812995088,0.0108363138147693,193,0.5685436,0.01427842,2643,0.00243915623164269,6.57208184706769e-4,7.976766064277561,0.9362575135960677,1.11,0.03
Hiperfire1,Muntiacus muntjak,8.1,1.42432872493048,0.84234067263095,2.88601311181624,0.578228559691066,709,32144,0.022056993529118964,1780,655,44,7,0.173213457090348,0.017168192789103,203,0.32769603,0.007022684,5456,0.00288601311181624,5.78228559691066e-4,14.965642692606067,1.4833318569784992,1.08,0.01
Hiperfire1,Rusa unicolor,8.1,1.50066520234404,0.887485672240472,3.04068813231486,0.592600337858027,587,32144,0.018261572921851668,1780,655,1,1,0.176947887479306,0.0219802864935112,158,0.410938726,0.005960006,7608,0.0030406881323148597,5.92600337858027e-4,15.28829747821204,1.8990967530393676,1.21,0.03
Hiperfire1,Rhinoceros unicornis,7.1,1.58141376048006,0.93523995366704,3.20430302925671,0.595873066463982,232,32144,0.007217521154803385,4077,871,46,1,0.235005298529231,0.0311003223333369,228,0.32306239,0.008749996,2966,0.00320430302925671,5.95873066463982e-4,20.30445779292556,2.687067849600308,1.15,0.02
Hiperfire2,Hystrix indica,7.1,1.32833639877334,0.492169835994446,2.31794052954326,0.607810356871422,117,32144,0.003639870582379293,4077,1377,13,10,0.307255554546782,0.0643277239544729,104,0.24988632,0.01686318,624,0.00231794052954326,6.07810356871422e-4,26.546879912841966,5.55791534966646,1.25,0.04
Browning,Axis porcinus,7.8,1.95051863318334,0.717709032754808,3.39729297862886,0.633174431475407,246,32144,0.007653061224489796,1731,1279,3,3,0.0923236812995088,0.0108363138147693,193,0.5685436,0.01427842,2643,0.00339729297862886,6.33174431475407e-4,7.976766064277561,0.9362575135960677,1.11,0.03
Hiperfire2,Elephas maximus,7.55,2.19266316011478,0.812416695726563,3.82618650754425,0.617933784486128,233,32144,0.0072486311597809855,494,283,1,1,0.309954549479341,0.0392365459256358,135,0.330787652,0.004914778,6492,0.00382618650754425,6.179337844861281e-4,26.78007307501506,3.3900375679749337,1.49,0.11
Hiperfire2,Axis porcinus,7.55,1.4437809401252,0.53494388106019,2.51939069048225,0.62504248560091,246,32144,0.007653061224489796,494,283,7,3,0.0923236812995088,0.0108363138147693,193,0.5685436,0.01427842,2643,0.00251939069048225,6.2504248560091e-4,7.976766064277561,0.9362575135960677,1.11,0.03
Hiperfire2,Axis porcinus,7.1,1.34238016110868,0.497373274078136,2.34244682624221,0.596677872959255,246,32144,0.007653061224489796,4077,1377,15,11,0.0923236812995088,0.0108363138147693,193,0.5685436,0.01427842,2643,0.00234244682624221,5.96677872959255e-4,7.976766064277561,0.9362575135960677,1.11,0.03
Hiperfire2,Canis aureus,7.4,1.39265319215496,0.516000234438359,2.43017301993288,0.627073242479097,91,32144,0.0028310104529616726,4107,1781,1,1,0.30777017539891,0.0831707553468353,63,0.40770733,0.02463658,979,0.0024301730199328803,6.27073242479097e-4,26.591343154465825,7.18595326196657,1.13,0.04
Hiperfire1,Rusa unicolor,6.5,1.15834145059795,0.685037168425155,2.34706255365951,0.603893564108489,587,32144,0.018261572921851668,555,416,4,3,0.176947887479306,0.0219802864935112,158,0.410938726,0.005960006,7608,0.00234706255365951,6.038935641084891e-4,15.28829747821204,1.8990967530393676,1.21,0.03
Browning,Axis porcinus,8.4,2.14940279319692,0.790890060449292,3.74369713436455,0.611911708465094,246,32144,0.007653061224489796,581,581,1,1,0.0923236812995088,0.0108363138147693,193,0.5685436,0.01427842,2643,0.00374369713436455,6.11911708465094e-4,7.976766064277561,0.9362575135960677,1.11,0.03
Hiperfire2,Rusa unicolor,7.5,1.49604626972499,0.554309019831574,2.61059343542033,0.603202960811839,587,32144,0.018261572921851668,5595,1106,121,6,0.176947887479306,0.0219802864935112,158,0.410938726,0.005960006,7608,0.00261059343542033,6.03202960811839e-4,15.28829747821204,1.8990967530393676,1.21,0.03
Hiperfire2,Macaca mulatta,7.5,1.40859941796893,0.521908565604199,2.45799910611225,0.642403641070286,1927,32144,0.05994897959183673,5595,1106,314,18,0.292909729355131,0.0373452794577637,175,0.381303675,0.004671368,18150,0.0024579991061122503,6.42403641070286e-4,25.30740061628332,3.226632145150784,1.8,0.05
Hiperfire2,Muntiacus muntjak,7.5,1.41994475014546,0.526112192247105,2.47779665536061,0.587117594651524,709,32144,0.022056993529118964,5595,1106,99,20,0.173213457090348,0.017168192789103,203,0.32769603,0.007022684,5456,0.00247779665536061,5.87117594651524e-4,14.965642692606067,1.4833318569784992,1.08,0.01
Hiperfire2,Axis axis,8.2,1.62313257534751,0.601396524362153,2.83235841816445,0.665283055654233,23308,32144,0.7251119960179193,444,320,120,51,0.0857874252848385,0.00815725494581298,312,0.406569211,0.002412088,273000,0.0028323584181644498,6.65283055654233e-4,7.412033544610047,0.7047868273182415,2.14,0.02
Hiperfire2,Sus scrofa,7.08,1.36888800161154,0.507194852049582,2.38870287848094,0.612787653140218,630,32144,0.0195993031358885,608,327,49,7,0.173376753031161,0.0226236625590061,171,0.48009288,0.01292758,5447,0.00238870287848094,6.12787653140218e-4,14.979751461892313,1.9546844450981273,1.67,0.07
Hiperfire2,Semnopithecus schistaceus,7.08,1.32765007031483,0.491915540346766,2.31674288973453,0.610544505607059,1144,32144,0.03558984569437531,608,327,27,4,0.151422949066886,0.0303433099240522,127,0.219931391,0.003305612,13533,0.00231674288973453,6.10544505607059e-4,13.082942799378952,2.6216619774381105,1.66,0.06
Hiperfire2,Panthera tigris,7.35,1.45382530440276,0.53866547833308,2.53691805709959,0.613649597303571,436,32144,0.013563962170233947,2187,449,31,14,0.391365283423442,0.0818512704591667,188,0.6335,0.02745258,2926,0.00253691805709959,6.13649597303571e-4,33.813960487785394,7.0719497676720025,1.03,0.01
Hiperfire2,Muntiacus muntjak,7.35,1.38589242180218,0.513495261120759,2.41837550868037,0.624159131904067,709,32144,0.022056993529118964,2187,449,78,19,0.173213457090348,0.017168192789103,203,0.32769603,0.007022684,5456,0.00241837550868037,6.24159131904067e-4,14.965642692606067,1.4833318569784992,1.08,0.01
Hiperfire1,Hystrix indica,7.25,1.23885671937055,0.732653483723636,2.51020475342836,0.611775493559848,117,32144,0.003639870582379293,1516,517,3,2,0.307255554546782,0.0643277239544729,104,0.24988632,0.01686318,624,0.00251020475342836,6.11775493559848e-4,26.546879912841966,5.55791534966646,1.25,0.04
Hiperfire1,Elephas maximus,7.1,1.85574039719411,1.09747531383755,3.76015102741868,0.59956637556436,233,32144,0.0072486311597809855,4077,871,27,2,0.309954549479341,0.0392365459256358,135,0.330787652,0.004914778,6492,0.00376015102741868,5.995663755643599e-4,26.78007307501506,3.3900375679749337,1.49,0.11
Hiperfire1,Elephas maximus,7.7,2.0449605173305,1.20937911840259,4.14355391621439,0.64465348615669,233,32144,0.0072486311597809855,2048,476,26,3,0.309954549479341,0.0392365459256358,135,0.330787652,0.004914778,6492,0.00414355391621439,6.4465348615669e-4,26.78007307501506,3.3900375679749337,1.49,0.11
Hiperfire1,Sus scrofa,7.4,1.31228583468435,0.776079084360277,2.65898879876527,0.63936684439359,630,32144,0.0195993031358885,4107,828,55,8,0.173376753031161,0.0226236625590061,171,0.48009288,0.01292758,5447,0.00265898879876527,6.3936684439359e-4,14.979751461892313,1.9546844450981273,1.67,0.07
Hiperfire2,Axis axis,7.7,1.49697393764245,0.554652735600571,2.61221221140645,0.58973272067434,23308,32144,0.7251119960179193,2048,325,1099,229,0.0857874252848385,0.00815725494581298,312,0.406569211,0.002412088,273000,0.00261221221140645,5.8973272067434e-4,7.412033544610047,0.7047868273182415,2.14,0.02
Hiperfire2,Elephas maximus,7.7,2.24653839941897,0.832378331737582,3.92019853705524,0.61066690393502,233,32144,0.0072486311597809855,2048,325,26,7,0.309954549479341,0.0392365459256358,135,0.330787652,0.004914778,6492,0.00392019853705524,6.1066690393502e-4,26.78007307501506,3.3900375679749337,1.49,0.11
Hiperfire2,Semnopithecus schistaceus,7.7,1.46776632161836,0.543830847710095,2.5612450640663,0.592223757211949,1144,32144,0.03558984569437531,2048,325,115,13,0.151422949066886,0.0303433099240522,127,0.219931391,0.003305612,13533,0.0025612450640662998,5.92223757211949e-4,13.082942799378952,2.6216619774381105,1.66,0.06
Hiperfire1,Semnopithecus schistaceus,7.45,1.28309296047579,0.758814568896635,2.59983741308945,0.612118740524398,1144,32144,0.03558984569437531,541,350,45,14,0.151422949066886,0.0303433099240522,127,0.219931391,0.003305612,13533,0.00259983741308945,6.121187405243979e-4,13.082942799378952,2.6216619774381105,1.66,0.06
Hiperfire2,Panthera tigris,7.4,1.46563625378868,0.543041623583316,2.55752810610471,0.594921189103719,436,32144,0.013563962170233947,4107,1781,3,1,0.391365283423442,0.0818512704591667,188,0.6335,0.02745258,2926,0.00255752810610471,5.94921189103719e-4,33.813960487785394,7.0719497676720025,1.03,0.01
Hiperfire1,Axis porcinus,7.25,1.25195446279642,0.740399421732317,2.5367437528887,0.617780871503766,246,32144,0.007653061224489796,1516,517,2,2,0.0923236812995088,0.0108363138147693,193,0.5685436,0.01427842,2643,0.0025367437528887,6.17780871503766e-4,7.976766064277561,0.9362575135960677,1.11,0.03
Hiperfire1,Macaca mulatta,7.4,1.26162601252252,0.746119126431854,2.5563405066665,0.63838765823116,1927,32144,0.05994897959183673,4107,828,175,6,0.292909729355131,0.0373452794577637,175,0.381303675,0.004671368,18150,0.0025563405066665,6.383876582311599e-4,25.30740061628332,3.226632145150784,1.8,0.05
Hiperfire1,Axis porcinus,7.1,1.22193078445709,0.722643572984383,2.47590896957245,0.62072772100087,246,32144,0.007653061224489796,4077,871,15,1,0.0923236812995088,0.0108363138147693,193,0.5685436,0.01427842,2643,0.00247590896957245,6.207277210008701e-4,7.976766064277561,0.9362575135960677,1.11,0.03
Hiperfire1,Macaca mulatta,7.5,1.28220830555408,0.758291388531911,2.59804490153029,0.625882071655677,1927,32144,0.05994897959183673,5595,585,314,12,0.292909729355131,0.0373452794577637,175,0.381303675,0.004671368,18150,0.0025980449015302904,6.25882071655677e-4,25.30740061628332,3.226632145150784,1.8,0.05
Hiperfire2,Axis porcinus,7.4,1.40915698547916,0.522115153265517,2.45897205869498,0.649830129911896,246,32144,0.007653061224489796,4107,1781,4,1,0.0923236812995088,0.0108363138147693,193,0.5685436,0.01427842,2643,0.00245897205869498,6.49830129911896e-4,7.976766064277561,0.9362575135960677,1.11,0.03
Hiperfire2,Rusa unicolor,7.7,1.54525773936894,0.572542654749711,2.69646720964757,0.604277975067629,587,32144,0.018261572921851668,2048,325,23,8,0.176947887479306,0.0219802864935112,158,0.410938726,0.005960006,7608,0.0026964672096475703,6.04277975067629e-4,15.28829747821204,1.8990967530393676,1.21,0.03
Hiperfire2,Macaca mulatta,7.7,1.45493438026298,0.539076408640142,2.53885338906001,0.618451246287931,1927,32144,0.05994897959183673,2048,325,101,8,0.292909729355131,0.0373452794577637,175,0.381303675,0.004671368,18150,0.00253885338906001,6.18451246287931e-4,25.30740061628332,3.226632145150784,1.8,0.05
Hiperfire2,Semnopithecus schistaceus,7.8,1.49171160828299,0.552702958586117,2.60302947237036,0.649110908624171,1144,32144,0.03558984569437531,1731,452,78,9,0.151422949066886,0.0303433099240522,127,0.219931391,0.003305612,13533,0.00260302947237036,6.49110908624171e-4,13.082942799378952,2.6216619774381105,1.66,0.06
Hiperfire2,Macaca mulatta,7.35,1.37481916709655,0.509392443523178,2.39905273329017,0.609415717992637,1927,32144,0.05994897959183673,2187,449,115,28,0.292909729355131,0.0373452794577637,175,0.381303675,0.004671368,18150,0.00239905273329017,6.09415717992637e-4,25.30740061628332,3.226632145150784,1.8,0.05
Hiperfire1,Axis porcinus,7.2,1.2418654855653,0.73443285255607,2.51630119629052,0.620099521124172,246,32144,0.007653061224489796,608,392,2,2,0.0923236812995088,0.0108363138147693,193,0.5685436,0.01427842,2643,0.00251630119629052,6.20099521124172e-4,7.976766064277561,0.9362575135960677,1.11,0.03
Hiperfire1,Panthera tigris,7.3,1.31271161913588,0.776330891092123,2.65985153465511,0.59335367147121,436,32144,0.013563962170233947,1294,496,11,1,0.391365283423442,0.0818512704591667,188,0.6335,0.02745258,2926,0.00265985153465511,5.9335367147121e-4,33.813960487785394,7.0719497676720025,1.03,0.01
Browning,Rusa unicolor,7.4,1.90983565343521,0.702739402858497,3.32643387526185,0.624140123555373,587,32144,0.018261572921851668,4107,1498,78,3,0.176947887479306,0.0219802864935112,158,0.410938726,0.005960006,7608,0.0033264338752618497,6.24140123555373e-4,15.28829747821204,1.8990967530393676,1.21,0.03
Hiperfire1,Rusa unicolor,7.1,1.27645145605588,0.754886817386447,2.58638021848082,0.616913799249066,587,32144,0.018261572921851668,4077,871,55,1,0.176947887479306,0.0219802864935112,158,0.410938726,0.005960006,7608,0.00258638021848082,6.16913799249066e-4,15.28829747821204,1.8990967530393676,1.21,0.03
Hiperfire2,Rusa unicolor,7.45,1.48399025874338,0.549842075348953,2.58955575512738,0.629796369606435,587,32144,0.018261572921851668,541,122,46,7,0.176947887479306,0.0219802864935112,158,0.410938726,0.005960006,7608,0.0025895557551273802,6.29796369606435e-4,15.28829747821204,1.8990967530393676,1.21,0.03
Hiperfire1,Panthera tigris,6.5,1.15330910864308,0.682061067309605,2.33686588725049,0.596265860531062,436,32144,0.013563962170233947,555,416,4,4,0.391365283423442,0.0818512704591667,188,0.6335,0.02745258,2926,0.00233686588725049,5.96265860531062e-4,33.813960487785394,7.0719497676720025,1.03,0.01
Hiperfire2,Muntiacus muntjak,7.1,1.33094357091563,0.493135834883633,2.32249003220064,0.62426328052159,709,32144,0.022056993529118964,4077,1377,49,11,0.173213457090348,0.017168192789103,203,0.32769603,0.007022684,5456,0.00232249003220064,6.2426328052159e-4,14.965642692606067,1.4833318569784992,1.08,0.01
Hiperfire2,Elephas maximus,7.35,2.12283391817392,0.786543847112771,3.70433482133623,0.618199491315053,233,32144,0.0072486311597809855,2187,449,43,2,0.309954549479341,0.0392365459256358,135,0.330787652,0.004914778,6492,0.00370433482133623,6.18199491315053e-4,26.78007307501506,3.3900375679749337,1.49,0.11
Hiperfire2,Axis porcinus,4.5,0.881350796797397,0.326554536572152,1.53795283674262,0.623152262450864,246,32144,0.007653061224489796,320,49,8,3,0.0923236812995088,0.0108363138147693,193,0.5685436,0.01427842,2643,0.00153795283674262,6.23152262450864e-4,7.976766064277561,0.9362575135960677,1.11,0.03
Hiperfire2,Sus scrofa,4.5,0.901668262586722,0.334082481913851,1.57340671533405,0.598569205576476,630,32144,0.0195993031358885,320,49,1,1,0.173376753031161,0.0226236625590061,171,0.48009288,0.01292758,5447,0.00157340671533405,5.98569205576476e-4,14.979751461892313,1.9546844450981273,1.67,0.07
Hiperfire2,Axis axis,4.5,0.891907488309164,0.330465959262059,1.55637421188193,0.636872763758828,23308,32144,0.7251119960179193,320,49,58,1,0.0857874252848385,0.00815725494581298,312,0.406569211,0.002412088,273000,0.0015563742118819299,6.368727637588279e-4,7.412033544610047,0.7047868273182415,2.14,0.02
Hiperfire2,Axis axis,7.5,1.44930015118391,0.536988836844053,2.52902168682919,0.643811079545382,23308,32144,0.7251119960179193,5595,1106,2339,347,0.0857874252848385,0.00815725494581298,312,0.406569211,0.002412088,273000,0.00252902168682919,6.43811079545382e-4,7.412033544610047,0.7047868273182415,2.14,0.02
Hiperfire2,Semnopithecus schistaceus,7.5,1.42102270342414,0.52651159114099,2.47967767856822,0.621894841823527,1144,32144,0.03558984569437531,5595,1106,59,4,0.151422949066886,0.0303433099240522,127,0.219931391,0.003305612,13533,0.00247967767856822,6.218948418235269e-4,13.082942799378952,2.6216619774381105,1.66,0.06
Hiperfire2,Hystrix indica,7.8,1.48766014969883,0.551201828519407,2.59595969692442,0.638185839579116,117,32144,0.003639870582379293,1731,452,5,1,0.307255554546782,0.0643277239544729,104,0.24988632,0.01686318,624,0.00259595969692442,6.38185839579116e-4,26.546879912841966,5.55791534966646,1.25,0.04
Hiperfire2,Hystrix indica,7.25,1.36097453611342,0.50426278678362,2.37489391982846,0.620367731231022,117,32144,0.003639870582379293,1516,48,3,1,0.307255554546782,0.0643277239544729,104,0.24988632,0.01686318,624,0.0023748939198284602,0.00062036773123102195,26.546879912841966,5.55791534966646,1.25,0.04
Hiperfire2,Muntiacus muntjak,7.25,1.36364576826531,0.505252520928759,2.37955520688978,0.651192483339167,709,32144,0.022056993529118964,1516,48,43,4,0.173213457090348,0.017168192789103,203,0.32769603,0.007022684,5456,0.00237955520688978,6.511924833391671e-4,14.965642692606067,1.4833318569784992,1.08,0.01
Hiperfire2,Axis axis,7.45,1.43762084761429,0.532661468469823,2.50864135913068,0.574111931564949,23308,32144,0.7251119960179193,541,122,439,70,0.0857874252848385,0.00815725494581298,312,0.406569211,0.002412088,273000,0.0025086413591306803,5.74111931564949e-4,7.412033544610047,0.7047868273182415,2.14,0.02
